Codigo;Descricao;Linha;Acabamento;preco-loja;preco-revendedor;preco-internet;preco-custo
3202;ASSADEIRA REDONDA 25X5CM 2,5L LIXADA              ;LINHA REFORCADA     ;LIXADO              ;41,77;28,2;36,66;7,39289864
3203;ASSADEIRA REDONDA 30X5CM 3,3L LIXADA              ;LINHA REFORCADA     ;LIXADO              ;52,16;35,3;45,89;9,07545332
3207;ASSADEIRA PARA PIZZA 25X1,5 0,8L LIXADA           ;LINHA REFORCADA     ;LIXADO              ;27,89;18,9;24,57;5,12283262
3208;ASSADEIRA PARA PIZZA 30X1,5CM 1,1L LIXADA         ;LINHA REFORCADA     ;LIXADO              ;35,97;24,3;31,59;6,73895004
3209;ASSADEIRA PARA PIZZA 35X1,5CM 1,3L LIXADA         ;LINHA REFORCADA     ;LIXADO              ;47,45;32,1;41,73;8,35043804
3210;ASSADEIRA PARA PIZZA 36CM COM FUROS LIXADA        ;LINHA REFORCADA     ;LIXADO              ;44,06;29,8;38,74;8,0605676
3212;ASSADEIRA RETANGULAR 30X20X4CM 2,4L LIXADA        ;LINHA REFORCADA     ;LIXADO              ;42,85;29;37,7;7,76917207
3213;ASSADEIRA RETANGULAR 35X24X4CM 3,0L LIXADA        ;LINHA REFORCADA     ;LIXADO              ;47,1;31,8;41,34;8,35635768
3214;ASSADEIRA RETANGULAR 40X27X4CM 4,0L LIXADA        ;LINHA REFORCADA     ;LIXADO              ;53,39;36,1;46,93;9,86554919
3215;ASSADEIRA RETANGULAR 45X31X4CM 5,0L LIXADA        ;LINHA REFORCADA     ;LIXADO              ;64,29;43,5;56,55;11,89217963
3216;ASSADEIRA PARA PIZZA 40X1,5CM 1,7L LIXADA         ;LINHA REFORCADA     ;LIXADO              ;59,65;40,3;52,39;10,56260834
3217;ASSADEIRA PARA PIZZA COM FUROS 32CM LIXADA        ;LINHA REFORCADA     ;LIXADO              ;34,35;23,2;30,16;6,34255413
3220;ASSADEIRA RETANG ALTA 28X18,5X5CM 2,5L LIXADA     ;LINHA REFORCADA     ;LIXADO              ;43,36;29,3;38,09;7,35858466
3221;ASSADEIRA RETANG ALTA 34X22X5,5CM 4,0L LIXADA     ;LINHA REFORCADA     ;LIXADO              ;51,67;34,9;45,37;9,54917411
3222;ASSADEIRA RETANG ALTA 38X26X6,0CM 6,0L LIXADA     ;LINHA REFORCADA     ;LIXADO              ;61;41,2;53,56;11,20763749
3223;ASSADEIRA RETANG ALTA 44X30X6,5CM 8,0L LIXADA     ;LINHA REFORCADA     ;LIXADO              ;76,8;51,9;67,47;13,55156304
3226;ASSADEIRA RETANGULAR ALTA 20X29,5X5CM 2,5L AA     ;LINHA REFORCADA     ;ANTIADERENTE        ;65,11;44;57,2;11,72976308
3227;ASSADEIRA RETANGULAR ALTA 25X35X5,6CM 4,0L AA     ;LINHA REFORCADA     ;ANTIADERENTE        ;83,16;56,2;73,06;14,86910699
3228;ASSADEIRA RETANGULAR ALTA 28X40X6CM 5,8L AA       ;LINHA REFORCADA     ;ANTIADERENTE        ;98,1;66,3;86,19;17,51619321
3241;ASSADEIRA REDONDA 20X5CM 1,6L LIXADA              ;LINHA REFORCADA     ;LIXADO              ;34,95;23,6;30,68;6,06329716
3242;ASSADEIRA REDONDA 22X5CM 2,0L LIXADA              ;LINHA REFORCADA     ;LIXADO              ;37,03;25;32,5;6,62799252
3243;ASSADEIRA REDONDA 24X5CM 2,3L LIXADA              ;LINHA REFORCADA     ;LIXADO              ;40,78;27,6;35,88;7,24972087
3244;ASSADEIRA REDONDA 26X5CM 2,7L LIXADA              ;LINHA REFORCADA     ;LIXADO              ;45,61;30,8;40,04;8,11859228
3245;ASSADEIRA REDONDA 28X5CM 3,0L LIXADA              ;LINHA REFORCADA     ;LIXADO              ;49,13;33,2;43,16;8,6120542
3300;ASSADEIRA REDONDA 30X5CM 3,4L AA                  ;LINHA REFORCADA     ;ANTIADERENTE        ;57,41;38,8;50,44;11,20871303
3306;ASSADEIRA REDONDA 25X5CM 2,3L AA                  ;LINHA REFORCADA     ;ANTIADERENTE        ;49,2;33,3;43,29;8,90773913
3307;ASSADEIRA PARA PIZZA COM FUROS 32CM AA            ;LINHA REFORCADA     ;ANTIADERENTE        ;56,27;38;49,4;9,15434579
3310;ASSADEIRA RETANGULAR 20X30X4CM 2,4L AA            ;LINHA REFORCADA     ;ANTIADERENTE        ;67,2;45,4;59,02;12,15261375
3311;ASSADEIRA RETANGULAR 24X35X4CM 3,0L AA            ;LINHA REFORCADA     ;ANTIADERENTE        ;72,71;49,1;63,83;13,12221501
3312;ASSADEIRA RETANGULAR 27X40X4CM 4,0L AA            ;LINHA REFORCADA     ;ANTIADERENTE        ;85,28;57,6;74,88;15,41214904
3320;ASSADEIRA PARA PIZZA COM FUROS 36CM AA            ;LINHA REFORCADA     ;ANTIADERENTE        ;66,28;44,8;58,24;11,65454756
13050;PANELA PAPEIRO VITALITA 14CM 1,0L AA PRETO-PRETO  ;LINHA NIGRO VITALITA;ANTIADERENTE        ;45,38;30,7;39,91;8,24744643
13051;PANELA PAPEIRO VITALITA 16CM 1,5L AA.PRETO-PRETO  ;LINHA NIGRO VITALITA;ANTIADERENTE        ;49,07;33,2;43,16;8,98420631
13052;PANELA PAPEIRO VITALITA 18CM 2,0L AA PRETO-PRETO  ;LINHA NIGRO VITALITA;ANTIADERENTE        ;57,41;38,8;50,44;10,58052293
13198;COZIVAPOR VITALITA 20CM 2,8L AA PRETO-PRETO       ;LINHA NIGRO VITALITA;ANTIADERENTE        ;174,91;118,2;153,66;32,15095544
13207;PANELA PAPEIRO 14CM 1,0L POLIDA                   ;LINHA REFORCADA     ;POLIDO              ;32,84;22,2;28,86;5,94665814
13208;PANELA PAPEIRO 16CM 1,5L POLIDA                   ;LINHA REFORCADA     ;POLIDO              ;35,28;23,8;30,94;6,39078386
13209;PANELA PAPEIRO 18CM 2,0L POLIDA                   ;LINHA REFORCADA     ;POLIDO              ;42,62;28,8;37,44;7,62365931
13257;ESCORREDOR MACARRAO ETERNA PROFISSIONAL 30CM 6,5L ;LINHA PROFISSIONAL  ;LIXADO              ;159,05;107,5;139,75;29,00549021
13258;ESCORREDOR MACARRAO ETERNA PROFISSIONAL 35CM 9,5L ;LINHA PROFISSIONAL  ;LIXADO              ;176,01;119;154,7;32,14528667
13259;ESCORREDOR MACARRAO ETERNA PROFISSIONAL 40CM 13,0L;LINHA PROFISSIONAL  ;LIXADO              ;202,65;137;178,1;38,10160111
13260;CACAROLA HOTEL ETERNA PROFISSIONAL 26CM 6,1L      ;LINHA PROFISSIONAL  ;LIXADO              ;200,72;135,7;176,41;36,74208862
13261;CACAROLA HOTEL ETERNA PROFISSIONAL 28CM 7,6L      ;LINHA PROFISSIONAL  ;LIXADO              ;219,14;148,1;192,53;40,78172373
13262;CACAROLA HOTEL ETERNA PROFISSIONAL 30CM 9,5L      ;LINHA PROFISSIONAL  ;LIXADO              ;256,21;173,2;225,16;44,14145412
13263;CACAROLA HOTEL ETERNA PROFISSIONAL 32CM 11,2L     ;LINHA PROFISSIONAL  ;LIXADO              ;346,65;234,3;304,59;55,59432704
13264;CACAROLA HOTEL ETERNA PROFISSIONAL 34CM 14,0L     ;LINHA PROFISSIONAL  ;LIXADO              ;370,26;250,3;325,39;60,17114438
13265;CACAROLA HOTEL ETERNA PROFISSIONAL 36CM 16,2L     ;LINHA PROFISSIONAL  ;LIXADO              ;398,36;269,3;350,09;67,67152033
13266;CACAROLA HOTEL ETERNA PROFISSIONAL 38CM 22,1L     ;LINHA PROFISSIONAL  ;LIXADO              ;454,09;307;399,1;79,73488323
13267;CACAROLA HOTEL ETERNA PROFISSIONAL 40CM 24,4L     ;LINHA PROFISSIONAL  ;LIXADO              ;501,53;339;440,7;83,63415744
13268;CACAROLA HOTEL ETERNA PROFISSIONAL 45CM 33,3L     ;LINHA PROFISSIONAL  ;LIXADO              ;590,92;399,5;519,35;95,64853234
13269;CACAROLA HOTEL ETERNA PROFISSIONAL 50CM 42,0L     ;LINHA PROFISSIONAL  ;LIXADO              ;678,49;458,7;596,31;111,9663492
13270;CACAROLA HOTEL ETERNA PROFISSIONAL 55CM 56,9L     ;LINHA PROFISSIONAL  ;LIXADO              ;818,7;553,4;719,42;130,6019698
13281;CACAROLA HOTEL ETERNA PROFISSIONAL 60CM 73,4L     ;LINHA PROFISSIONAL  ;LIXADO              ;1108,19;749,1;973,83;172,1024989
13329;PANELA CRIATIVA 14CM AA VANILLA 1.2L C/ TPA VIDRO ;NIGRO CRIATIVA      ;ANTIADERENTE        ;0;0;0;0
13330;PANELA CRIATIVA 16CM AA VANILLA 1.6L C/ TPA VIDRO ;NIGRO CRIATIVA      ;ANTIADERENTE        ;0;0;0;0
13331;PANELA CRIATIVA 18CM AA VANILLA 2.2L C/ TPA VIDRO ;NIGRO CRIATIVA      ;ANTIADERENTE        ;0;0;0;0
13332;PANELA CRIATIVA 20CM AA VANILLA 3.0L C/ TPA VIDRO ;NIGRO CRIATIVA      ;ANTIADERENTE        ;0;0;0;0
13333;PANELA CRIATIVA 22CM AA VANILLA 3.8L C/ TPA VIDRO ;NIGRO CRIATIVA      ;ANTIADERENTE        ;0;0;0;0
13334;PANELA CRIATIVA 24CM AA VANILLA 4.6L C/ TPA VIDRO ;NIGRO CRIATIVA      ;ANTIADERENTE        ;0;0;0;0
13335;CACAROLA CRIATIVA 14CM AA VANILLA 1.2L C/ TPA VIDR;NIGRO CRIATIVA      ;ANTIADERENTE        ;0;0;0;0
13336;CACAROLA CRIATIVA 16CM AA VANILLA 1.6L C/ TPA VIDR;NIGRO CRIATIVA      ;ANTIADERENTE        ;0;0;0;0
13337;CACAROLA CRIATIVA 18CM AA VANILLA 2.2L C/ TPA VIDR;NIGRO CRIATIVA      ;ANTIADERENTE        ;0;0;0;0
13338;CACAROLA CRIATIVA 20CM AA VANILLA 3.0L C/ TPA VIDR;NIGRO CRIATIVA      ;ANTIADERENTE        ;0;0;0;0
13339;CACAROLA CRIATIVA 22CM AA VANILLA 3.8L C/ TPA VIDR;NIGRO CRIATIVA      ;ANTIADERENTE        ;0;0;0;0
13340;CACAROLA CRIATIVA 24CM AA VANILLA 4.6L C/ TPA VIDR;NIGRO CRIATIVA      ;ANTIADERENTE        ;0;0;0;0
13526;CACAROLA ETERNA 14CM AA PRETO-PRETO - 1,3L- TPA AA;NIGRO ETERNA        ;ANTIADERENTE        ;152,03;102,8;133,64;26,43812412
13527;PANELA ETERNA 14CM ANTIADERENTE PRETO-PRETO - 1,3L;NIGRO ETERNA        ;ANTIADERENTE        ;140,69;95,1;123,63;24,53928177
13528;PANELA NIGRO ETERNA 14CM  POLIDA - 1,3L           ;NIGRO ETERNA        ;POLIDO              ;103,2;69,8;90,74;17,63751131
13529;CACAROLA NIGRO ETERNA 14CM POLIDA - 1,3L          ;NIGRO ETERNA        ;POLIDO              ;114,38;77,3;100,49;19,50044738
13540;PANELA NIGRO ETERNA 16CM POLIDA - 1,8L            ;NIGRO ETERNA        ;POLIDO              ;113,21;76,5;99,45;19,72342612
13541;PANELA NIGRO ETERNA 18CM POLIDA - 2,4L            ;NIGRO ETERNA        ;POLIDO              ;129,27;87,4;113,62;22,90083751
13542;PANELA NIGRO ETERNA 20CM POLIDA - 3,2L            ;NIGRO ETERNA        ;POLIDO              ;145,64;98,4;127,92;26,00617443
13543;PANELA NIGRO ETERNA 22CM POLIDA - 4,0L            ;NIGRO ETERNA        ;POLIDO              ;161,79;109,4;142,22;28,16016531
13544;PANELA NIGRO ETERNA 24CM POLIDA - 5,0L            ;NIGRO ETERNA        ;POLIDO              ;190,03;128,5;167,05;33,2333268
13545;CACAROLA NIGRO ETERNA 16CM POLIDA - 1,8L          ;NIGRO ETERNA        ;POLIDO              ;126,38;85,4;111,02;21,96052196
13546;CACAROLA NIGRO ETERNA 18CM POLIDA - 2,4L          ;NIGRO ETERNA        ;POLIDO              ;140,19;94,8;123,24;24,72277358
13547;CACAROLA NIGRO ETERNA 20CM POLIDA - 3,2L          ;NIGRO ETERNA        ;POLIDO              ;155,71;105,2;136,76;27,3930105
13548;CACAROLA NIGRO ETERNA 22CM POLIDA - 4,0L          ;NIGRO ETERNA        ;POLIDO              ;173,11;117;152,1;29,86265138
13549;CACAROLA NIGRO ETERNA 24CM POLIDA - 5,0L          ;NIGRO ETERNA        ;POLIDO              ;192,5;130,1;169,13;33,53757845
13558;CACAROLA NIGRO ETERNA 26CM POLIDA - 5,7L          ;NIGRO ETERNA        ;POLIDO              ;211,6;143;185,9;38,21851134
13559;CACAROLA NIGRO ETERNA 28CM POLIDA - 6,3L          ;NIGRO ETERNA        ;POLIDO              ;232,14;156,9;203,97;42,38377905
13655;PANELA ETERNA 14CM AA PRETO-PRETO 1,3L TPA VIDRO  ;NIGRO ETERNA        ;ANTIADERENTE        ;150,92;102;132,6;25,30742071
13656;CACAROLA ETERNA 14CM AA PRETO-PRETO - 1,3L TPA VID;NIGRO ETERNA        ;ANTIADERENTE        ;159,08;107,5;139,75;27,26446306
13910;PANELA ETERNA 16CM ANTIADERENTE PRETO-PRETO - 1,8L;NIGRO ETERNA        ;ANTIADERENTE        ;161,16;108,9;141,57;28,53644331
13911;PANELA ETERNA 18CM ANTIADERENTE PRETO-PRETO - 2,4L;NIGRO ETERNA        ;ANTIADERENTE        ;182,65;123,5;160,55;32,89298103
13912;PANELA ETERNA 20CM ANTIADERENTE PRETO-PRETO - 3,2L;NIGRO ETERNA        ;ANTIADERENTE        ;211,17;142,7;185,51;37,99894006
13913;PANELA ETERNA 22CM ANTIDERENTE PRETO-PRETO - 4,0L ;NIGRO ETERNA        ;ANTIADERENTE        ;238,16;161;209,3;42,60583022
13914;PANELA ETERNA 24CM ANTIADERENTE PRETO-PRETO - 5,0L;NIGRO ETERNA        ;ANTIADERENTE        ;263,02;177,8;231,14;46,52632572
13915;CACAROLA ETERNA 16CM AA PRETO-PRETO - 1,8L TPA AA ;NIGRO ETERNA        ;ANTIADERENTE        ;171,71;116,1;150,93;30,12271131
13916;CACAROLA ETERNA 18CM AA PRETO-PRETO - 2,4L TPA AA ;NIGRO ETERNA        ;ANTIADERENTE        ;192,58;130,2;169,26;34,40717497
13917;CACAROLA ETERNA 20CM AA PRETO-PRETO - 3,2L TPA AA ;NIGRO ETERNA        ;ANTIADERENTE        ;221,79;149,9;194,87;39,61829943
13918;CACAROLA ETERNA 22CM AA PRETO-PRETO - 4,0L TPA AA ;NIGRO ETERNA        ;ANTIADERENTE        ;250,38;169,2;219,96;44,29619793
13919;CACAROLA ETERNA 24CM AA PRETO-PRETO - 5,0L TPA AA ;NIGRO ETERNA        ;ANTIADERENTE        ;271,68;183,7;238,81;47,97848592
13940;PANELA ETERNA 16CM AA PRETO-PRETO 1,8L TPA VIDRO  ;NIGRO ETERNA        ;ANTIADERENTE        ;170,02;114,9;149,37;29,22854689
13941;PANELA ETERNA 18CM AA PRETO-PRETO 2.4L TPA VIDRO  ;NIGRO ETERNA        ;ANTIADERENTE        ;191,21;129,2;167,96;33,45156171
13942;PANELA ETERNA 20CM AA PRETO-PRETO 3,2L TPA VIDRO  ;NIGRO ETERNA        ;ANTIADERENTE        ;219,06;148,1;192,53;38,44588982
13943;PANELA ETERNA 22CM AA PRETO-PRETO 4L COM TPA VIDRO;NIGRO ETERNA        ;ANTIADERENTE        ;246,22;166,4;216,32;42,90018653
13944;PANELA ETERNA 24CM AA PRETO-PRETO 5L COM TPA VIDRO;NIGRO ETERNA        ;ANTIADERENTE        ;269,8;182,4;237,12;46,74634302
13945;CACAROLA ETERNA 16CM AA PRETO-PRETO - 1,8L TPA VID;NIGRO ETERNA        ;ANTIADERENTE        ;180,59;122,1;158,73;30,81481489
13946;CACAROLA ETERNA 18CM AA PRETO-PRETO - 2,4L TPA VID;NIGRO ETERNA        ;ANTIADERENTE        ;201,15;136;176,8;34,96575565
13947;CACAROLA ETERNA 20CM AA PRETO-PRETO - 3,2L TPA VID;NIGRO ETERNA        ;ANTIADERENTE        ;231,02;156,2;203,06;40,29024919
13948;CACAROLA ETERNA 22CM AA PRETO-PRETO - 4,0L TPA VID;NIGRO ETERNA        ;ANTIADERENTE        ;258,44;174,7;227,11;44,59055424
13949;CACAROLA ETERNA 24CM AA PRETO-PRETO - 5,0L TPA VID;NIGRO ETERNA        ;ANTIADERENTE        ;278,46;188,2;244,66;48,19850322
13970;CALDEIRAO LINHA COCINA 26 CM A/A(D) TPA VIDRO     ;NIGRO ETERNA        ;ANTIADERENTE        ;0;0;0;46,52632572
13975;CACAROLA LINHA COCINA 26 CM A/A(D) TPA VIDRO      ;NIGRO ETERNA        ;ANTIADERENTE        ;0;0;0;46,52632572
13980;CALDEIROLA LINHA COCINA 30 CM A/A(D) TPA VIDRO    ;NIGRO ETERNA        ;ANTIADERENTE        ;0;0;0;46,52632572
14000;PANELA CRIATIVA 14CM AA PRETO-PRETO 1,2L          ;NIGRO CRIATIVA      ;ANTIADERENTE        ;80,23;54,2;70,46;14,37643498
14001;PANELA CRIATIVA 16CM AA PRETO-PRETO 1,6L          ;NIGRO CRIATIVA      ;ANTIADERENTE        ;97,01;65,6;85,28;17,12177752
14002;PANELA CRIATIVA 18CM AA PRETO-PRETO 2,2L          ;NIGRO CRIATIVA      ;ANTIADERENTE        ;109,53;74;96,2;19,62361187
14003;PANELA CRIATIVA 20CM AA PRETO-PRETO 3,0L          ;NIGRO CRIATIVA      ;ANTIADERENTE        ;121,72;82,3;106,99;21,83419341
14004;PANELA CRIATIVA 22CM AA PRETO-PRETO 3,8L          ;NIGRO CRIATIVA      ;ANTIADERENTE        ;137,3;92,8;120,64;24,38800564
14005;CACAROLA CRIATIVA 20CM AA PRETO-PRETO 3,0L        ;NIGRO CRIATIVA      ;ANTIADERENTE        ;123,46;83,4;108,42;23,47715278
14006;CACAROLA CRIATIVA 22CM AA PRETO-PRETO 3,8L        ;NIGRO CRIATIVA      ;ANTIADERENTE        ;137,67;93,1;121,03;26,03096501
14007;CACAROLA CRIATIVA 24CM AA PRETO-PRETO 4,6L        ;NIGRO CRIATIVA      ;ANTIADERENTE        ;161;108,8;141,44;29,01353805
14008;PANELA CRIATIVA 24CM AA PRETO-PRETO 4,6L          ;NIGRO CRIATIVA      ;ANTIADERENTE        ;154,42;104,4;135,72;27,58027005
14009;CACAROLA CRIATIVA 18CM AA PRETO-PRETO 2,2L        ;NIGRO CRIATIVA      ;ANTIADERENTE        ;115,82;78,3;101,79;21,2819657
14012;CACAROLA CRIATIVA 16CM AA PRETO-PRETO 1,6L        ;NIGRO CRIATIVA      ;ANTIADERENTE        ;106,01;71,7;93,21;18,97495147
14030;FRIG.WOK CRIATIVA AA 30CM 5,0L PRETA-PRETA TPA VID;NIGRO CRIATIVA      ;ANTIADERENTE        ;228,37;154,4;200,72;38,15826579
14039;PANELA CRIATIVA 14CM AA CINZA-CINZA 1,2L TPA VIDRO;NIGRO CRIATIVA      ;ANTIADERENTE        ;90,53;44,5;57,85;15,3143224
14040;PANELA CRIATIVA 16CM AA CINZA-CINZA 1,6L TPA VIDRO;NIGRO CRIATIVA      ;ANTIADERENTE        ;106,13;53;68,9;18,12968611
14043;PANELA CRIATIVA 22CM AA CINZA-CINZA 3,8L TPA VIDRO;NIGRO CRIATIVA      ;ANTIADERENTE        ;146,47;75;97,5;25,00061743
14044;PANELA CRIATIVA 24CM AA CINZA-CINZA 4,6L TPA VIDRO;NIGRO CRIATIVA      ;ANTIADERENTE        ;163,95;82;106,6;28,19181793
14045;CACAROLA CRIATIVA 16CM AA CINZA-CINZA 1,6L TPA VID;NIGRO CRIATIVA      ;ANTIADERENTE        ;115,13;58;75,4;19,98286006
14046;CACAROLA CRIATIVA 18CM AA CINZA-CINZA 2,2L TPA VID;NIGRO CRIATIVA      ;ANTIADERENTE        ;124,41;64;83,2;22,06343339
14047;CACAROLA CRIATIVA 20CM AA CINZA-CINZA 3,0L TPA VID;NIGRO CRIATIVA      ;ANTIADERENTE        ;131,85;70;91;24,19957098
14048;CACAROLA CRIATIVA 22CM AA CINZA-CINZA 3,8L TPA VID;NIGRO CRIATIVA      ;ANTIADERENTE        ;146,84;79;102,7;26,6435768
14049;CACAROLA CRIATIVA 24CM AA CINZA-CINZA 4,6L TPA VID;NIGRO CRIATIVA      ;ANTIADERENTE        ;170,51;87;113,1;29,62508593
14081;FRIGIDEIRA ALTA CRIATIVA AA 18CM 1,4L CINZA-CINZA ;NIGRO CRIATIVA      ;ANTIADERENTE        ;73,26;32;41,6;11,38614654
14082;FRIGIDEIRA ALTA CRIATIVA AA 20CM 1,8L CINZA-CINZA ;NIGRO CRIATIVA      ;ANTIADERENTE        ;81,53;36;46,8;12,23358921
14084;FRIGIDEIRA ALTA CRIATIVA AA 24CM 2,9L CINZA-CINZA ;NIGRO CRIATIVA      ;ANTIADERENTE        ;96,25;43;55,9;16,61997886
14099;PANELA CRIATIVA POLIDA 14CM 1,1L                  ;NIGRO CRIATIVA      ;POLIDO              ;67,51;45,6;59,28;12,00836657
14100;PANELA CRIATIVA POLIDA 16CM 1,6L                  ;NIGRO CRIATIVA      ;POLIDO              ;80,84;54,6;70,98;14,39640055
14101;PANELA CRIATIVA POLIDA 18CM 2,1L                  ;NIGRO CRIATIVA      ;POLIDO              ;90,14;60,9;79,17;15,95878065
14102;PANELA CRIATIVA POLIDA 20CM 2,8L                  ;NIGRO CRIATIVA      ;POLIDO              ;97,34;65,8;85,54;17,24006854
14103;PANELA CRIATIVA POLIDA 22CM 3,6L                  ;NIGRO CRIATIVA      ;POLIDO              ;113,3;76,6;99,58;19,61987775
14104;CACAROLA CRIATIVA POLIDA 16CM 1,6L                ;NIGRO CRIATIVA      ;POLIDO              ;90,32;61;79,3;16,02785536
14105;CACAROLA CRIATIVA POLIDA 20CM 3,0L                ;NIGRO CRIATIVA      ;POLIDO              ;105,57;71,4;92,82;18,99306168
14106;CACAROLA CRIATIVA POLIDA 22CM 3,8L                ;NIGRO CRIATIVA      ;POLIDO              ;120,13;81,2;105,56;21,11270175
14107;CACAROLA CRIATIVA POLIDA 24CM 4,6L                ;NIGRO CRIATIVA      ;POLIDO              ;132,34;89,5;116,35;23,34644489
14108;PANELA CRIATIVA POLIDA 24CM 4,5L                  ;NIGRO CRIATIVA      ;POLIDO              ;124,59;84,2;109,46;21,73836349
14109;CACAROLA CRIATIVA POLIDA 18CM 2,2L                ;NIGRO CRIATIVA      ;POLIDO              ;98,62;66,7;86,71;17,80231672
14300;PANELA RETRO 16CM ANTIADERENTE TPA VIDRO          ;NIGRO CRIATIVA      ;ANTIADERENTE        ;0;0;0;17,12177752
14301;PANELA RETRO 18CM ANTIADERENTE TPA VIDRO          ;NIGRO CRIATIVA      ;ANTIADERENTE        ;0;0;0;19,62361187
14306;CACAROLA RETRO 18CM ANTIADERENTE TPA VIDRO        ;NIGRO CRIATIVA      ;ANTIADERENTE        ;0;0;0;21,2819657
14320;PANELA HOME 16CM ANTIADERENTE TPA VIDRO           ;LINHA NIGRO VITALITA;ANTIADERENTE        ;0;0;0;14,37350377
14322;PANELA HOME 20CM ANTIADERENTE TPA VIDRO           ;LINHA NIGRO VITALITA;ANTIADERENTE        ;0;0;0;18,31290505
14327;CACAROLA HOME 20CM ANTIADERENTE TPA VIDRO         ;LINHA NIGRO VITALITA;ANTIADERENTE        ;0;0;0;19,61310505
14330;PANELA UNICA 16CM ANTIADERENTE TPA VIDRO          ;NIGRO CRIATIVA      ;ANTIADERENTE        ;0;0;0;17,12177752
14331;PANELA UNICA 18CM ANTIADERENTE TPA VIDRO          ;NIGRO CRIATIVA      ;ANTIADERENTE        ;0;0;0;19,62361187
14338;CACAROLA UNICA 20CM ANTIADERENTE TPA VIDRO        ;NIGRO CRIATIVA      ;ANTIADERENTE        ;0;0;0;26,03096501
14600;PANELA CRIATIVA 14CM AA PRETO-PRETO 1,2L TPA VIDRO;NIGRO CRIATIVA      ;ANTIADERENTE        ;94,94;64,2;83,46;15,15167392
14601;PANELA CRIATIVA 16CM AA PRETO-PRETO 1,6L TPA VIDRO;NIGRO CRIATIVA      ;ANTIADERENTE        ;110,22;74,5;96,85;17,80292277
14602;PANELA CRIATIVA 18CM AA PRETO-PRETO 2,2L TPA VIDRO;NIGRO CRIATIVA      ;ANTIADERENTE        ;121,93;82,4;107,12;20,13109255
14603;PANELA CRIATIVA 20CM AA PRETO-PRETO 3,0L TPA VIDRO;NIGRO CRIATIVA      ;ANTIADERENTE        ;133,65;90,3;117,39;22,23004317
14604;PANELA CRIATIVA 22CM AA PRETO-PRETO 3,8L TPA VIDRO;NIGRO CRIATIVA      ;ANTIADERENTE        ;149,76;101,2;131,56;24,63126195
14605;PANELA CRIATIVA 24CM AA PRETO-PRETO 4,6L TPA VIDRO;NIGRO CRIATIVA      ;ANTIADERENTE        ;166,82;112,8;146,64;27,74570939
14611;CACAROLA CRIATIVA 16CM AA PRETO-PRETO 1,6L TPA VID;NIGRO CRIATIVA      ;ANTIADERENTE        ;119,22;80,6;104,78;19,65609672
14612;CACAROLA CRIATIVA 18CM AA PRETO-PRETO 2,2L TPA VID;NIGRO CRIATIVA      ;ANTIADERENTE        ;128,22;86,7;112,71;21,78944638
14613;CACAROLA CRIATIVA 20CM AA PRETO-PRETO 3,0L TPA VID;NIGRO CRIATIVA      ;ANTIADERENTE        ;135,38;91,5;118,95;23,87300254
14614;CACAROLA CRIATIVA 22CM AA PRETO-PRETO 3,8L TPA VID;NIGRO CRIATIVA      ;ANTIADERENTE        ;150,13;101,5;131,95;26,27422132
14615;CACAROLA CRIATIVA 24CM AA PRETO-PRETO 4,6L TPA VID;NIGRO CRIATIVA      ;ANTIADERENTE        ;173,38;117,2;152,36;29,17897739
15029;CALDEIRAO CRIATIVA 18CM AA CINZA-CINZA 3,2L TPA VI;NIGRO CRIATIVA      ;ANTIADERENTE        ;123,8;83,7;108,81;21,81418299
15215;CALDEIRAO HOTEL RETO ET.PROFISSIONAL 30CM 19,0L   ;LINHA PROFISSIONAL  ;LIXADO              ;318,93;215,6;280,28;50,39958048
15217;CALDEIRAO HOTEL RETO ET.PROFISSIONAL 40CM 43,9L   ;LINHA PROFISSIONAL  ;LIXADO              ;709,21;479,4;623,22;110,9919036
15226;CALDEIRAO HOTEL RETO ET.PROFISSIONAL 26CM 12,7L   ;LINHA PROFISSIONAL  ;LIXADO              ;253,58;171,4;222,82;45,15318409
15228;CALDEIRAO HOTEL RETO ET.PROFISSIONAL 28CM 15,3L   ;LINHA PROFISSIONAL  ;LIXADO              ;267,59;180,9;235,17;47,59107846
15232;CALDEIRAO HOTEL RETO ET.PROFISSIONAL 32CM 22,5L   ;LINHA PROFISSIONAL  ;LIXADO              ;454,76;307,4;399,62;79,77458244
15234;CALDEIRAO HOTEL RETO ET.PROFISSIONAL 34CM 27,2L   ;LINHA PROFISSIONAL  ;LIXADO              ;487,15;329,3;428,09;84,4892011
15236;CALDEIRAO HOTEL RETO ET.PROFISSIONAL 36CM 32,5L   ;LINHA PROFISSIONAL  ;LIXADO              ;539,17;364,5;473,85;90,5099034
15238;CALDEIRAO HOTEL RETO ET.PROFISSIONAL 38CM 37,9L   ;LINHA PROFISSIONAL  ;LIXADO              ;660,25;446,3;580,19;103,0583398
15245;CALDEIRAO HOTEL RETO ET.PROFISSIONAL 45CM 68,3L   ;LINHA PROFISSIONAL  ;LIXADO              ;871,74;589,3;766,09;139,1407135
15250;CALDEIRAO HOTEL RETO ET.PROFISSIONAL 50CM 95,1L   ;LINHA PROFISSIONAL  ;LIXADO              ;1074,6;726,4;944,32;181,3602833
15500;CALDEIRAO CRIATIVA POLIDO 20CM 4,5L               ;NIGRO CRIATIVA      ;POLIDO              ;117,65;79,5;103,35;21,34612159
15503;CALDEIRAO HOTEL RETO ET.PROFISSIONAL 24CM 10,4L   ;LINHA PROFISSIONAL  ;LIXADO              ;218,03;147,4;191,62;39,0383075
15504;CALDEIRAO CRIATIVA POLIDO 22CM 6,2L               ;NIGRO CRIATIVA      ;POLIDO              ;141;95,3;123,89;25,924665
15530;CALDEIRAO NIGRO ETERNA RETO 20CM POLIDO - 4,5L    ;NIGRO ETERNA        ;POLIDO              ;166,93;112,8;146,64;28,85574982
15540;CALDEIRAO ETERNA AA PRETO-PRETO 20CM - 4,6L TPA AA;NIGRO ETERNA        ;ANTIADERENTE        ;248,83;168,2;218,66;44,06620302
15541;CALDEIRAO ETERNA 20CM AA PRETO-PRETO- 4,6L TPA VID;NIGRO ETERNA        ;ANTIADERENTE        ;254,55;172,1;223,73;44,81251278
15549;CALDEIRAO CRIATIVA POLIDO 18CM 3,2L               ;NIGRO CRIATIVA      ;POLIDO              ;101,82;68,8;89,44;18,67586
15565;CALDEIRAO CRIATIVA 18CM AA PRETO-PRETO 3,2L TPA VI;NIGRO CRIATIVA      ;ANTIADERENTE        ;135,34;91,5;118,95;23,58016742
15566;CALDEIRAO CRIATIVA 20CM AA PRETO-PRETO 4,6L TPA VI;NIGRO CRIATIVA      ;ANTIADERENTE        ;160,55;108,5;141,05;28,10323356
15567;CALDEIRAO CRIATIVA 22CM AA PRETO-PRETO 6,7L TPA VI;NIGRO CRIATIVA      ;ANTIADERENTE        ;184,01;124,4;161,72;32,67236616
15569;CALDEIRAO CRIATIVA 18CM AA PRETO-PRETO 3,2L       ;NIGRO CRIATIVA      ;ANTIADERENTE        ;126,29;85,4;111,02;23,05119674
15570;CALDEIRAO CRIATIVA 20CM AA PRETO-PRETO 4,6L       ;NIGRO CRIATIVA      ;ANTIADERENTE        ;151,92;102,7;133,51;27,6653738
15571;CALDEIRAO CRIATIVA 22CM AA PRETO-PRETO 6,7L       ;NIGRO CRIATIVA      ;ANTIADERENTE        ;173,63;117,4;152,62;32,08912985
17259;CANECA HOTEL ETERNA PROFISSIONAL 16CM 3,2L        ;LINHA PROFISSIONAL  ;LIXADO              ;110,67;74,8;97,24;20,25360252
17260;CANECA HOTEL ETERNA PROFISSIONAL 18CM 4,4L        ;LINHA PROFISSIONAL  ;LIXADO              ;125,69;85;110,5;21,85425278
17261;CANECA HOTEL ETERNA PROFISSIONAL 20CM 5,8L        ;LINHA PROFISSIONAL  ;LIXADO              ;134,73;91,1;118,43;23,45629919
17269;CANECA HOTEL EXTRA PROFISSIONAL 16CM 3.2L         ;LINHA PROFISSIONAL  ;LIXADO              ;0;0;0;15,30733196
17270;CANECA HOTEL EXTRA PROFISSIONAL 18CM 4.4L         ;LINHA PROFISSIONAL  ;LIXADO              ;0;0;0;16,11845722
17272;CANECA HOTEL EXTRA PROFISSIONAL 22CM              ;LINHA PROFISSIONAL  ;LIXADO              ;0;0;0;17,65510363
17298;CANECA CRIATIVA POLIDA 10CM 0,9L                  ;NIGRO CRIATIVA      ;POLIDO              ;34,99;23,6;30,68;6,33909695
17299;CANECA CRIATIVA 10CM AA PRETO-PRETO 0,9L          ;NIGRO CRIATIVA      ;ANTIADERENTE        ;42,29;28,6;37,18;7,7938279
17300;CANECA CRIATIVA 12CM AA PRETO-PRETO 1,4L          ;NIGRO CRIATIVA      ;ANTIADERENTE        ;52,37;35,4;46,02;9,56882184
17301;CANECA CRIATIVA POLIDA 12CM 1,4L                  ;NIGRO CRIATIVA      ;POLIDO              ;42,39;28,7;37,31;7,66762352
17302;CANECA CRIATIVA POLIDA 14CM 1,9L                  ;NIGRO CRIATIVA      ;POLIDO              ;47,77;32,3;41,99;8,63756124
17303;CANECA CRIATIVA POLIDA 16CM 2,5L                  ;NIGRO CRIATIVA      ;POLIDO              ;53,05;35,9;46,67;9,59077156
17304;CANECA CRIATIVA 14CM AA PRETO-PRETO 1,9L          ;NIGRO CRIATIVA      ;ANTIADERENTE        ;59,24;40;52;10,83970611
17309;CANECA CRIATIVA 16CM AA PRETO-PRETO 2,5L          ;NIGRO CRIATIVA      ;ANTIADERENTE        ;64,75;43,8;56,94;12,00620842
17310;CANECA NIGRO ETERNA 14CM POLIDA - 2.0L            ;NIGRO ETERNA        ;POLIDO              ;60,74;41,1;53,43;11,10141288
17311;CANECA NIGRO ETERNA 16CM POLIDA - 2,6L            ;NIGRO ETERNA        ;POLIDO              ;64,66;43,7;56,81;12,00905515
17320;CANECA ETERNA 14CM ANTIAD.PRETO-PRETO - 2,0L      ;NIGRO ETERNA        ;ANTIADERENTE        ;101,66;68,7;89,31;18,71977089
17330;CANECA CRIATIVA 10CM AA VANILLA 0.9L              ;NIGRO CRIATIVA      ;ANTIADERENTE        ;0;0;0;0
17331;CANECA CRIATIVA 12CM AA VANILLA 1.4L              ;NIGRO CRIATIVA      ;ANTIADERENTE        ;0;0;0;0
17332;CANECA CRIATIVA 14CM AA VANILLA 1.9L              ;NIGRO CRIATIVA      ;ANTIADERENTE        ;0;0;0;0
17333;CANECA CRIATIVA 16CM AA VANILLA 2.5L              ;NIGRO CRIATIVA      ;ANTIADERENTE        ;0;0;0;0
17402;CANECA CRIATIVA 14CM AA CINZA-CINZA 1,9L          ;NIGRO CRIATIVA      ;ANTIADERENTE        ;60,7;32;41,6;11,12801702
17403;CANECA CRIATIVA 16CM AA CINZA-CINZA 2,5L          ;NIGRO CRIATIVA      ;ANTIADERENTE        ;66,72;36;46,8;12,37134898
17585;CANECA GOURMET 12 ANTIADERENTE CINZA S-TPA        ;LINHA NIGRO VITALITA;ANTIADERENTE        ;44,55;23;29,9;8,02303302
23202;CONCHA REFORCADA 9CM 015L ANODIZADA               ;LINHA REFORCADA     ;ANODIZADO           ;17,2;11,6;15,08;2,78959429
23210;CONCHA HOTEL ETERNA PROFISSIONAL 14CM 0,9L        ;LINHA PROFISSIONAL  ;LIXADO              ;61,5;41,6;54,08;11,45416326
25160;FEIRA NIGRO REFORCADA POLIDA 8 ITENS 48 PECAS     ;LINHA REFORCADA     ;LIXADO              ;2422,62;1637,7;2129,01;395,1356403
25161;FEIRA FRIGIDEIRA ANTIADERENTE 60 PECAS 6 ITENS    ;LINHA NIGRO VITALITA;ANTIADERENTE        ;2577,99;1742,7;2265,51;472,4580063
25267;CONJUNTO CRIATIVA 7 PC POLIDO                     ;NIGRO CRIATIVA      ;POLIDO              ;597,87;404,2;525,46;114,5794041
25294;CONJUNTO BANHO MARIA 6X1 20CM 2,9L POLIDO         ;LINHA REFORCADA     ;POLIDO              ;210,11;142;184,6;39,17222189
25340;KIT OMEL VITALITA 16-20CM AA PRETO-PRETO C/ESPAT. ;LINHA NIGRO VITALITA;ANTIADERENTE        ;95,35;64,5;83,85;17,33132106
25377;CONJUNTO GOURMET 7 PC C/PAN PRESSAO TERRACOTA LC  ;NIGRO CASA GOURMET  ;ANTIADERENTE        ;936,71;633,2;823,16;159,9817553
25378;CONJUNTO HOMECOOK NIGRO 4 PECAS VERMELHO - 1,4MM  ;NIGRO HOMECOOK      ;ANTIADERENTE        ;0;0;0;50,83946903
25382;CONJUNTO GOURMET 7 PECAS CINZA/TERRACOTA LC       ;NIGRO CASA GOURMET  ;ANTIADERENTE        ;618,28;418;543,4;106,2531527
25470;KIT MIX CACAROLA ETERNA POLIDA 16-18-20CM S/LUVA  ;NIGRO ETERNA        ;POLIDO              ;404,9;273,7;355,81;74,15711988
25471;KIT MIX PANELA ETERNA POLIDA 16-18-20CM S/LUVA    ;NIGRO ETERNA        ;POLIDO              ;372,04;251,5;326,95;68,9662519
25475;KIT MIX CRIATIVA POLIDO CACAROLA 16-18-20CM S/LUVA;NIGRO CRIATIVA      ;POLIDO              ;271,64;183,6;238,68;52,8727976
25476;KIT MIX CRIATIVA POLIDO PANELA 16-18-20CM S/LUVA  ;NIGRO CRIATIVA      ;POLIDO              ;247,01;167;217,1;47,89981358
25520;CONJUNTO NIGRO ETERNA 5 PC POLIDO                 ;NIGRO ETERNA        ;POLIDO              ;586,51;396,5;515,45;104,2846981
25521;CONJUNTO NIGRO ETERNA 6 PC POLIDO                 ;NIGRO ETERNA        ;POLIDO              ;741,67;501,4;651,82;131,4305134
25535;CONJUNTO NIGRO ETERNA 7 PC POLIDO                 ;NIGRO ETERNA        ;POLIDO              ;919,78;621,8;808,34;161,9739233
25630;CONJUNTO ETERNA 5PC POLIDO (AA) DENTRO            ;NIGRO ETERNA        ;POLIDO              ;0;0;0;104,2846981
25635;CONJUNTO ETERNA 6PC POLIDO C/PP (AA) DENTRO       ;NIGRO ETERNA        ;POLIDO              ;0;0;0;131,4305134
25640;CONJUNTO CRIATIVA 5PC POLIDO (AA) DENTRO          ;NIGRO CRIATIVA      ;POLIDO              ;0;0;0;72,14584486
25655;CONJUNTO NIGRO ETERNA 5 PC POLIDO E-COMMERCE      ;NIGRO ETERNA        ;POLIDO              ;538,41;364;473,2;96,40676147
25656;CONJUNTO NIGRO ETERNA 6 PC POLIDO E-COMMERCE      ;NIGRO ETERNA        ;POLIDO              ;704,58;476,3;619,19;126,7577068
25657;CONJUNTO NIGRO ETERNA 7 PC POLIDO E-COMMERCE      ;NIGRO ETERNA        ;POLIDO              ;886,67;599,4;779,22;156,7188633
27209;COPO RETO 7,5X9,5 350 ML POLIDO                   ;LINHA REFORCADA     ;POLIDO              ;19,05;12,9;16,77;3,91992864
31200;CUSCUZEIRO INTEIRICO 16CM 2,3L POLIDO             ;LINHA REFORCADA     ;POLIDO              ;86,16;58,2;75,66;16,29115133
31201;CUSCUZEIRO INTEIRICO 18CM 3,0L POLIDO             ;LINHA REFORCADA     ;POLIDO              ;95,27;64,4;83,72;18,12341114
31202;CUSCUZEIRO INTEIRICO 16CM 2,3L ANTIADERENTE       ;LINHA REFORCADA     ;ANTIADERENTE        ;108,1;73,1;95,03;19,8499989
31203;CUSCUZEIRO INTEIRICO 18CM 3,0L ANTIADERENTE       ;LINHA REFORCADA     ;ANTIADERENTE        ;114,9;77,7;101,01;21,257984
31210;MINI CUSCUZEIRA VITALITA 12CM - 1.75L POLIDA      ;LINHA NIGRO VITALITA;POLIDO              ;105,51;71,3;92,69;18,656045
31211;MINI CUSCUZEIRA VITALITA 12CM - 1.75L AA PRETO    ;LINHA NIGRO VITALITA;ANTIADERENTE        ;122,35;82,7;107,51;21,3800461
31213;MINI CUSCUZEIRA VIT.12CM - 1,75L - TERRACOTA      ;LINHA NIGRO VITALITA;ANTIADERENTE        ;122,35;62;80,6;21,50250633
37201;ESCORREDOR MACARRAO 24CM FOSCO                    ;LINHA REFORCADA     ;LIXADO              ;103,11;69,7;90,61;18,5738919
37260;ESCORREDOR MACARRAO ETERNA PROFISSIONAL 43CM 20,3L;LINHA PROFISSIONAL  ;LIXADO              ;261,76;176,9;229,97;44,33068187
41202;ESPUMADEIRA REFORCADA 9CM ANODIZADA               ;LINHA REFORCADA     ;ANODIZADO           ;14,28;9,6;12,48;1,83149807
41210;ESPUMADEIRA HOTEL ETERNA PROFISSIONAL 14CM        ;LINHA PROFISSIONAL  ;LIXADO              ;37,09;25,1;32,63;5,98951181
47301;FERVEDOR CRIATIVA 14CM AA PRETO-PRETO 1,9L COM TPA;NIGRO CRIATIVA      ;ANTIADERENTE        ;81,79;55,3;71,89;14,58119653
47305;FERVEDOR CRIATIVA POLIDO 14CM 1,9L COM TAMPA      ;NIGRO CRIATIVA      ;POLIDO              ;65,01;43,9;57,07;11,57602786
47306;FERVEDOR CRIATIVA POLIDO 16CM 2,5L COM TAMPA      ;NIGRO CRIATIVA      ;POLIDO              ;71,61;48,4;62,92;12,76919092
47309;FERVEDOR CRIATIVA 16CM AA PRETO-PRETO 2,5L COM TPA;NIGRO CRIATIVA      ;ANTIADERENTE        ;88,34;59,7;77,61;16,12014937
47602;FERVEDOR NIGRO ETERNA 16CM - POLIDO - 2,6L        ;NIGRO ETERNA        ;POLIDO              ;83,22;56,3;73,19;15,18747451
49001;FORMA LEGUMEIRA E BANHO MARIA P.PRESSAO ETERNA 2LT;PECAS AVULSAS PP    ;LIXADO              ;53,57;36,2;47,06;10,57157291
49002;FORMA PARA PUDIM P- PANELA PRESSAO ETERNA 1,8LT   ;PECAS AVULSAS PP    ;LIXADO              ;51,02;34,5;44,85;10,70372175
49200;FORMA COM FUNDO REMOVIVEL 22CM 2,0L LIXADA        ;LINHA REFORCADA     ;LIXADO              ;59,8;40,4;52,52;11,18612599
49202;FORMA COM FUNDO REMOVIVEL 26CM 3,3L LIXADA        ;LINHA REFORCADA     ;LIXADO              ;80,73;54,6;70,98;14,95403759
49207;FORMA COM FUNDO REMOVIVEL 22CM 2,0L AA            ;LINHA REFORCADA     ;ANTIADERENTE        ;68,23;46,1;59,93;14,18848532
49208;FORMA COM FUNDO REMOVIVEL 26CM 3,3L AA            ;LINHA REFORCADA     ;ANTIADERENTE        ;90,59;61,2;79,56;18,84285802
49209;FORMA CONICA COM TUBO 20X8CM 2,0L LIXADA          ;LINHA REFORCADA     ;LIXADO              ;32,65;22,1;28,73;5,86065289
49210;FORMA CONICA COM TUBO 22X9CM 2,8L LIXADA          ;LINHA REFORCADA     ;LIXADO              ;38,1;25,8;33,54;6,92360718
49212;FORMA CONICA COM TUBO 26X11CM 4,7L LIXADA         ;LINHA REFORCADA     ;LIXADO              ;53,84;36,4;47,32;9,5933717
49213;FORMA CONICA COM TUBO 18X8CM 1,7L LIXADA          ;LINHA REFORCADA     ;LIXADO              ;28,24;19,1;24,83;5,09757649
49217;FORMA PAO CASEIRO P 20X9,5X5,5CM 1,0L ANODIZADA   ;LINHA REFORCADA     ;ANODIZADO           ;29,72;20,1;26,13;5,74810251
49218;FORMA PAO CASEIRO M 24,5X10X6,5CM 1,5L ANODIZADA  ;LINHA REFORCADA     ;ANODIZADO           ;38,19;25,8;33,54;7,12500171
49219;FORMA PAO CASEIRO G 28,5X10,5X7,3CM 2,0L ANODIZADA;LINHA REFORCADA     ;ANODIZADO           ;49,2;33,3;43,29;9,23161515
49220;FORMA CONICA COM TUBO 24X09CM 3,0L LIXADA         ;LINHA REFORCADA     ;LIXADO              ;43,12;29,1;37,83;7,92187159
49235;FORMA REFORC PARA BOLO BALLERINE 25X7CM 2,8L LIX  ;LINHA REFORCADA     ;LIXADO              ;43,36;20,55;26,71;7,9674089
49239;FORMA CONICA COM TUBO 18X8CM 1,5L AA              ;LINHA REFORCADA     ;ANTIADERENTE        ;39,53;26,7;34,71;7,10035721
49240;FORMA CONICA COM TUBO 20X8CM 2,0L AA              ;LINHA REFORCADA     ;ANTIADERENTE        ;44,34;30;39;8,08500278
49241;FORMA CONICA COM TUBO 22X9CM 2,6L AA              ;LINHA REFORCADA     ;ANTIADERENTE        ;51,21;34,6;44,98;9,49396717
49250;FORMA PARA PAO CASEIRO P 20X9,5X5,5CM 1,0L AA     ;LINHA REFORCADA     ;ANTIADERENTE        ;36,18;24,5;31,85;7,03829609
49251;FORMA PARA PAO CASEIRO M 24,5X10X6,5CM 1,5L AA    ;LINHA REFORCADA     ;ANTIADERENTE        ;42,8;28,9;37,57;7,74699149
49252;FORMA PARA PAO CASEIRO G 28,5X10,5X7,3CM 2,0L AA  ;LINHA REFORCADA     ;ANTIADERENTE        ;62,36;42,1;54,73;11,53049723
49260;FORMA CONICA COM TUBO 24CM 3,3L AA                ;LINHA REFORCADA     ;ANTIADERENTE        ;57,65;39;50,7;10,80371255
50024;FRIG SAUTEE PROF COOKWARE 24CM POLIDA (F) AA (D)  ;LINHA PROF COOKWARE ;ANTIADERENTE        ;0;0;0;28,82399864
50026;FRIG SAUTEE PROF COOKWARE 26CM POLIDA (F) AA (D)  ;LINHA PROF COOKWARE ;ANTIADERENTE        ;0;0;0;33,22219917
50028;FRIG SAUTEE PROF COOKWARE 28CM POLIDA (F) AA (D)  ;LINHA PROF COOKWARE ;ANTIADERENTE        ;0;0;0;37,89739708
51120;FRIGIDEIRA RETA VITALITA 20CM 1,7L AA PRETO-PRETO ;LINHA NIGRO VITALITA;ANTIADERENTE        ;52,89;35,8;46,54;9,21785156
51121;FRIGIDEIRA RETA VITALITA 22CM 2,1L AA PRETO-PRETO ;LINHA NIGRO VITALITA;ANTIADERENTE        ;58,23;39,4;51,22;10,48935195
51185;PANQUEQUEIRA VITALITA 18CM 0,4L AA PRETO-PRETO    ;LINHA NIGRO VITALITA;ANTIADERENTE        ;41,32;27,9;36,27;7,18122563
51186;PANQUEQUEIRA VITALITA 22CM 0,7L AA PRETO-PRETO    ;LINHA NIGRO VITALITA;ANTIADERENTE        ;44,29;29,9;38,87;8,32122102
51212;FRIGIDEIRA CRIATIVA 22CM AA CINZA-CINZA 2,0L S-TPA;NIGRO CRIATIVA      ;ANTIADERENTE        ;73,71;39;50,7;13,5092297
51302;FRIGIDEIRA CRIATIVA 20CM AA PRETO-PRETO 1,7L S-TPA;NIGRO CRIATIVA      ;ANTIADERENTE        ;64,48;43,6;56,68;11,51726762
51303;FRIGIDEIRA CRIATIVA 22CM AA PRETO-PRETO 2,0L S-TPA;NIGRO CRIATIVA      ;ANTIADERENTE        ;72,23;48,8;63,44;13,20886489
51305;FRIGIDEIRA CRIATIVA POLIDA 20CM 1,7L SEM TAMPA    ;NIGRO CRIATIVA      ;POLIDO              ;50,16;33,9;44,07;9,38648116
51306;FRIGIDEIRA CRIATIVA POLIDA 22CM 2,0L SEM TAMPA    ;NIGRO CRIATIVA      ;POLIDO              ;59,27;40,1;52,13;10,71385739
51320;FRIGIDEIRA FRANCESA CRIATIVA 16CM AA PRETO 0,6L   ;NIGRO CRIATIVA      ;ANTIADERENTE        ;47,82;32,3;41,99;8,83596673
51321;FRIGIDEIRA FRANCESA CRIATIVA 18CM AA PRETO 0.8L   ;NIGRO CRIATIVA      ;ANTIADERENTE        ;52,62;35,6;46,28;9,50356536
51322;FRIGIDEIRA FRANCESA CRIATIVA 20CM AA PRETO 1,0L   ;NIGRO CRIATIVA      ;ANTIADERENTE        ;55,99;37,8;49,14;10,10674771
51323;FRIGIDEIRA FRANCESA CRIATIVA 22CM AA PRETO - 1,3L ;NIGRO CRIATIVA      ;ANTIADERENTE        ;65,01;43,9;57,07;11,59861106
51324;FRIGIDEIRA FRANCESA CRIATIVA 24CM AA PRETO - 1,6L ;NIGRO CRIATIVA      ;ANTIADERENTE        ;69,08;46,7;60,71;12,42175929
51325;FRIGIDEIRA FRANCESA CRIATIVA 26CM AA PRETO - 2,0L ;NIGRO CRIATIVA      ;ANTIADERENTE        ;78,99;53,4;69,42;14,1474481
51326;FRIGIDEIRA FRANCESA CRIATIVA 28CM AA PRETO - 2,2L ;NIGRO CRIATIVA      ;ANTIADERENTE        ;86,26;58,3;75,79;15,2106365
51331;FRIGIDEIRA CRIATIVA POLIDA 22CM 2,0L COM TAMPA    ;NIGRO CRIATIVA      ;POLIDO              ;101,1;68,3;88,79;18,29587709
51360;FRIG. OMELETEIRA VITALITA 16CM 0,6L AA PRETO-PRETO;LINHA NIGRO VITALITA;ANTIADERENTE        ;37,86;25,6;33,28;6,9747121
51361;FRIG. OMELETEIRA VITALITA 18CM 0,8L AA PRETO-PRETO;LINHA NIGRO VITALITA;ANTIADERENTE        ;41,94;28,3;36,79;7,61133874
51362;FRIG. OMELETEIRA VITALITA 20CM 1,0L AA PRETO-PRETO;LINHA NIGRO VITALITA;ANTIADERENTE        ;44,46;30;39;8,08410123
51363;FRIG. OMELETEIRA VITALITA 22CM 1,2L AA PRETO-PRETO;LINHA NIGRO VITALITA;ANTIADERENTE        ;50,9;34,4;44,72;9,38660507
51367;PANQUEQUEIRA NIGRO UNICA 22 VERMELHA ANTIAD       ;FRIG PROMOCIONAIS   ;ANTIADERENTE        ;42,08;19;24,7;7,2096203
51380;FRIG.OMEL.DUPLA CRIATIVA AA 20CM PRETA-PRETA 0.8LT;NIGRO CRIATIVA      ;ANTIADERENTE        ;95,08;64,3;83,59;17,40215501
51382;FRIG.OMEL.DUPLA CRIATIVA AA 24CM PRETA-PRETA 1,1LT;NIGRO CRIATIVA      ;ANTIADERENTE        ;113,28;76,6;99,58;20,75297851
51384;PANQUEQUEIRA CRIATIVA AA 18CM 0,4L PRETA-PRETA    ;NIGRO CRIATIVA      ;ANTIADERENTE        ;39,87;26,9;34,97;7,14897763
51385;PANQUEQUEIRA CRIATIVA AA 22CM 0,7L PRETA-PRETA    ;NIGRO CRIATIVA      ;ANTIADERENTE        ;49,01;33,1;43,03;9,13509364
51410;FRIGIDEIRA FRANCESA VITALITA VANILLA 16 CM 0.6 LT ;NIGRO CRIATIVA      ;ANTIADERENTE        ;0;0;0;0
51411;FRIGIDEIRA FRANCESA VITALITA VANILLA 18 CM 0.8 LT ;NIGRO CRIATIVA      ;ANTIADERENTE        ;0;0;0;0
51412;FRIGIDEIRA FRANCESA VITALITA VANILLA 20 CM 1.0 LT ;NIGRO CRIATIVA      ;ANTIADERENTE        ;0;0;0;0
51413;FRIGIDEIRA FRANCESA VITALITA VANILLA 22 CM 1.2 LT ;NIGRO CRIATIVA      ;ANTIADERENTE        ;0;0;0;0
51514;FRIGIDEIRA NIGRO ETERNA RETA 20CM POL.C-TAMPA -1,7;NIGRO ETERNA        ;POLIDO              ;128,08;86,6;112,58;22,36287245
51515;FRIGIDEIRA NIGRO ETERNA RETA 20CM POLIDA - 1.7L   ;NIGRO ETERNA        ;POLIDO              ;85,83;58;75,4;15,1933584
51516;FRIGIDEIRA NIGRO ETERNA RETA 22CM POLIDA - 2.1L   ;NIGRO ETERNA        ;POLIDO              ;94,72;64;83,2;16,90365878
51517;FRIGIDEIRA NIGRO ETERNA RETA 24CM POLIDA - 2.5L   ;NIGRO ETERNA        ;POLIDO              ;102,55;69,3;90,09;18,7736821
51518;FRIGIDEIRA NIGRO ETERNA RETA 22CM POL.C-TAMPA -2,1;NIGRO ETERNA        ;POLIDO              ;140,7;95,1;123,63;24,57685848
51519;FRIGIDEIRA NIGRO ETERNA RETA 24CM POL.C-TAMPA-2,5L;NIGRO ETERNA        ;POLIDO              ;152,15;102,8;133,64;26,93112753
51543;FRIG. OMELETEIRA UNICA 12CM 0,25 LITROS           ;FRIG PROMOCIONAIS   ;ANTIADERENTE        ;26,13;11;14,3;0
51545;FRIGIDEIRA FRANCESA UNICA 16 VERMELHA ANTIAD      ;FRIG PROMOCIONAIS   ;ANTIADERENTE        ;28,05;13;16,9;4,7885511
51552;FRIGIDEIRA FRANCESA NIGRO UNICA 20 VERMELHA ANTIAD;FRIG PROMOCIONAIS   ;ANTIADERENTE        ;41,4;18;23,4;6,89997921
51553;FRIGIDEIRA FRANCESA NIGRO UNICA 22 VERMELHA ANTIAD;FRIG PROMOCIONAIS   ;ANTIADERENTE        ;48,7;21;27,3;8,17514468
51565;FRIG ET.PROFISSIONAL 26CM 3,0L LIX.DENTRO-FORA    ;LINHA PROFISSIONAL  ;LIXADO              ;121,43;82,1;106,73;22,50698188
51566;FRIG ET.PROFISSIONAL 28CM 3,6L LIX.DENTRO-FORA    ;LINHA PROFISSIONAL  ;LIXADO              ;134,4;90,8;118,04;23,93630882
51567;FRIG ET.PROFISSIONAL 30CM 4,2L LIX.DENTRO-FORA    ;LINHA PROFISSIONAL  ;LIXADO              ;142,94;96,6;125,58;26,29709018
51568;FRIG ET.PROFISSIONAL 32CM 4,8L LIX.DENTRO-FORA    ;LINHA PROFISSIONAL  ;LIXADO              ;152,24;102,9;133,77;28,02054561
51575;FRIG ET.PROFISSIONAL 26CM 3,0L AA(D) E LIX.(F)    ;LINHA PROFISSIONAL  ;ANTIADERENTE        ;128,66;87;113,1;24,43771772
51576;FRIG ET.PROFISSIONAL 28CM 3,6L AA(D) E LIX.(F)    ;LINHA PROFISSIONAL  ;ANTIADERENTE        ;142;96;124,8;26,35947581
51577;FRIG ET.PROFISSIONAL 30CM 4,2L AA(D) E LIX.(F)    ;LINHA PROFISSIONAL  ;ANTIADERENTE        ;153,62;103,8;134,94;29,29396582
51578;FRIG ET.PROFISSIONAL 32CM 4,8L AA(D) E LIX (F)    ;LINHA PROFISSIONAL  ;ANTIADERENTE        ;163,5;110,5;143,65;31,01187795
51623;FRIGIDEIRA CRIATIVA 22CM AA PRETO-PRETO 2,0L TPA V;NIGRO CRIATIVA      ;ANTIADERENTE        ;130,01;87,9;114,27;21,73130534
51645;FRIGIDEIRA GOURMET 16 A-A CINZA S-TPA 1.2M        ;LINHA NIGRO VITALITA;ANTIADERENTE        ;31,75;17;22,1;5,86746388
51695;FRIGIDEIRA CRIATIVA 24CM AA CINZA-CINZA 3,3L S-TPA;NIGRO CRIATIVA      ;ANTIADERENTE        ;105,77;56,5;73,45;19,30027674
51710;FRIGIDEIRA CRIATIVA 30CM AA CINZA-CINZA 4,2L S-TPA;NIGRO CRIATIVA      ;ANTIADERENTE        ;134,57;71,5;92,95;24,27359854
51721;FRIGIDEIRA OMEL.CRIATIVA AA 18CM 0,8L CINZA-CINZA ;NIGRO CRIATIVA      ;ANTIADERENTE        ;53,46;28;36,4;9,6808591
51725;FRIGIDEIRA OMEL.CRIATIVA AA 26CM 2,0L CINZA-CINZA ;NIGRO CRIATIVA      ;ANTIADERENTE        ;81,2;42;54,6;14,55684277
51800;FRIG.OMEL.DUPLA CRIATIVA AA 20CM CINZA-CINZA 0,8LT;NIGRO CRIATIVA      ;ANTIADERENTE        ;96,73;52;67,6;17,83230002
51809;FRIG.OMEL.DUPLA CRIATIVA AA 24CM CINZA-CINZA 1,1LT;NIGRO CRIATIVA      ;ANTIADERENTE        ;116,68;78,9;102,57;21,40365884
51865;FRIG ALTA CRIATIVA AA 24CM 3,3L C-TPA VIDRO E ALCA;NIGRO CRIATIVA      ;ANTIADERENTE        ;164,8;111,4;144,82;28,22194172
51893;FRIG.BAIXA CRIATIVA AA 30CM 3,3L PRETA-PRETA TPA V;NIGRO CRIATIVA      ;ANTIADERENTE        ;182,11;123,1;160,03;30,72532694
51894;FRIG.BAIXA CRIATIVA AA 32CM 3,7L PRETA-PRETA TPA V;NIGRO CRIATIVA      ;ANTIADERENTE        ;195,91;132,4;172,12;34,93678628
51907;FRIG.RETA ETERNA 20CM AA PRETO-PRETO-1,7L-TPA AA  ;NIGRO ETERNA        ;ANTIADERENTE        ;173,52;117,3;152,49;31,58226153
51908;FRIG.RETA ETERNA 22CM AA PRETO-PRETO-2,1L- TPA AA ;NIGRO ETERNA        ;ANTIADERENTE        ;195,65;132,2;171,86;35,15795805
51910;FRIGIDEIRA ALTA LINHA COCINA 30 CM A/A(D) S/TPA   ;NIGRO ETERNA        ;ANTIADERENTE        ;0;0;0;23,09529474
51911;FRIGIDEIRA ALTA LINHA COCINA 30 CM A/A(D) TPA VIDR;NIGRO ETERNA        ;ANTIADERENTE        ;0;0;0;39,02113181
51920;FRIGIDEIRA RETA ETERNA 20CM AA PRETO-1,7L TPA VIDR;NIGRO ETERNA        ;ANTIADERENTE        ;174,19;117,7;153,01;31,01823022
51921;FRIGIDEIRA RETA ETERNA 22CM AA PRETO-2,1L TPA VIDR;NIGRO ETERNA        ;ANTIADERENTE        ;195,97;132,5;172,25;34,40226329
61202;LAVA ARROZ ANODIZADO 24CM 1,8LT                   ;LINHA REFORCADA     ;ANODIZADO           ;48,76;33;42,9;9,02759983
77230;PIPOQUEIRA POLIDA 20CM 4,5L                       ;LINHA REFORCADA     ;POLIDO              ;143,35;96,9;125,97;26,0468154
77231;PIPOQUEIRA 20CM 4,5L ANTIADERENTE PRETO-PRETO     ;LINHA REFORCADA     ;ANTIADERENTE        ;175,94;118,9;154,57;31,536379
77232;PIPOQUEIRA 20CM 4,5L ANTIADERENTE CINZA-CINZA     ;LINHA REFORCADA     ;ANTIADERENTE        ;175,94;118,9;154,57;31,87978887
79201;PRATO FUNDO ANODIZADO 22CM 0,9L                   ;LINHA REFORCADA     ;LIXADO              ;20,24;13,7;17,81;3,74395839
83201;TACHO ETERNA PROFISSIONAL 30CM 6,5L REFORCADO     ;LINHA PROFISSIONAL  ;LIXADO              ;103,35;69,9;90,87;17,78260328
83202;TACHO ETERNA PROFISSIONAL 36CM 9,5L REFORCADO     ;LINHA PROFISSIONAL  ;LIXADO              ;124,9;84,4;109,72;21,95714631
83203;TACHO ETERNA PROFISSIONAL 40CM 13,0L REFORCADO    ;LINHA PROFISSIONAL  ;LIXADO              ;154,73;104,6;135,98;26,50054198
83204;TACHO ETERNA PROFISSIONAL 43CM 20,3L REFORCADO    ;LINHA PROFISSIONAL  ;LIXADO              ;218,79;147,9;192,27;36,89919376
85002;TAMPA ESPAGUETEIRA ANTIADERENTE                   ;NIGRO CRIATIVA      ;ANTIADERENTE        ;82,01;32;41,6;0
85202;TAMPA REFORCADA FOSCA 14CM                        ;LINHA REFORCADA     ;LIXADO              ;11,64;7,9;10,27;2,04212467
85203;TAMPA REFORCADA FOSCA 16CM                        ;LINHA REFORCADA     ;LIXADO              ;16,35;11,1;14,43;2,82010827
85204;TAMPA REFORCADA FOSCA 18CM                        ;LINHA REFORCADA     ;LIXADO              ;16,82;11,4;14,82;3,03408929
85205;TAMPA REFORCADA FOSCA 20CM                        ;LINHA REFORCADA     ;LIXADO              ;18,8;12,7;16,51;3,39171444
85206;TAMPA REFORCADA FOSCA 22CM                        ;LINHA REFORCADA     ;LIXADO              ;23,6;16;20,8;4,18050029
85207;TAMPA REFORCADA FOSCA 24CM                        ;LINHA REFORCADA     ;LIXADO              ;25,72;17,4;22,62;4,56506301
85208;TAMPA REFORCADA FOSCA 26CM                        ;LINHA PROFISSIONAL  ;LIXADO              ;32,28;21,8;28,34;5,75395021
85209;TAMPA REFORCADA FOSCA 28CM                        ;LINHA PROFISSIONAL  ;LIXADO              ;35,33;23,9;31,07;6,5092229
85210;TAMPA REFORCADA FOSCA 30CM                        ;LINHA PROFISSIONAL  ;LIXADO              ;38,55;26,1;33,93;7,05603957
85317;TAMPA CRIATIVA 14 C- ANTIADERENTE                 ;NIGRO CRIATIVA      ;ANTIADERENTE        ;28,08;19;24,7;4,98696151
85318;TAMPA CRIATIVA 14 POLIDA                          ;NIGRO CRIATIVA      ;POLIDO              ;22,84;15,4;20,02;4,07027842
85320;TAMPA CRIATIVA 16 C- ANTIADERENTE                 ;NIGRO CRIATIVA      ;ANTIADERENTE        ;30,99;20,9;27,17;5,6254752
85321;TAMPA CRIATIVA 18 C- ANTIADERENTE                 ;NIGRO CRIATIVA      ;ANTIADERENTE        ;34,13;23,1;30,03;6,24965977
85323;TAMPA CRIATIVA 20 C- ANTIADERENTE                 ;NIGRO CRIATIVA      ;ANTIADERENTE        ;37,12;25,1;32,63;6,77278069
85325;TAMPA CRIATIVA 22 C- ANTIADERENTE                 ;NIGRO CRIATIVA      ;ANTIADERENTE        ;40,67;27,5;35,75;7,39825414
85326;TAMPA CRIATIVA 24 C- ANTIADERENTE                 ;NIGRO CRIATIVA      ;ANTIADERENTE        ;43,7;29,5;38,35;8,08050111
85365;TAMPA REFORCADA FOSCA 34CM                        ;LINHA PROFISSIONAL  ;LIXADO              ;68,11;46;59,8;12,65836557
85366;TAMPA REFORCADA FOSCA 32CM                        ;LINHA PROFISSIONAL  ;LIXADO              ;65,33;44,2;57,46;11,8476353
85367;TAMPA REFORCADA FOSCA 36CM                        ;LINHA PROFISSIONAL  ;LIXADO              ;71,99;48,7;63,31;13,35620761
85368;TAMPA REFORCADA FOSCA 40CM                        ;LINHA PROFISSIONAL  ;LIXADO              ;83,28;56,3;73,19;15,12212401
85369;TAMPA REFORCADA FOSCA 38CM                        ;LINHA PROFISSIONAL  ;LIXADO              ;74,18;50,1;65,13;14,42254779
85370;TAMPA REFORCADA FOSCA 50CM                        ;LINHA PROFISSIONAL  ;LIXADO              ;126,44;85,5;111,15;22,90970276
85371;TAMPA CRIATIVA 16 POLIDA                          ;NIGRO CRIATIVA      ;POLIDO              ;24,95;16,9;21,97;4,52009928
85372;TAMPA CRIATIVA 18 POLIDA                          ;NIGRO CRIATIVA      ;POLIDO              ;27,06;18,3;23,79;4,91277965
85373;TAMPA CRIATIVA 20 POLIDA                          ;NIGRO CRIATIVA      ;POLIDO              ;29,03;19,6;25,48;5,27430631
85374;TAMPA CRIATIVA 22 POLIDA                          ;NIGRO CRIATIVA      ;POLIDO              ;31,38;21,2;27,56;5,68816863
85375;TAMPA CRIATIVA 24 POLIDA                          ;NIGRO CRIATIVA      ;POLIDO              ;33,51;22,6;29,38;6,15526127
85377;TAMPA REFORCADA FOSCA 60CM                        ;LINHA PROFISSIONAL  ;LIXADO              ;160,38;108,4;140,92;31,39291337
85380;TAMPA REFORCADA FOSCA 55CM                        ;LINHA PROFISSIONAL  ;LIXADO              ;153,78;103,9;135,07;27,71965993
85402;TAMPA REFORCADA FOSCA 45CM                        ;LINHA PROFISSIONAL  ;LIXADO              ;104,82;70,9;92,17;19,9215098
85460;TAMPA VITALITA 16 ANTIADERENTE PRETO              ;NIGRO VITALITA      ;ANTIADERENTE        ;39,14;26,5;34,45;4,61543812
85461;TAMPA VITALITA 18 ANTIADERENTE PRETO              ;LINHA NIGRO VITALITA;ANTIADERENTE        ;44,92;30,4;39,52;5,19231316
85462;TAMPA VITALITA 20 ANTIADERENTE PRETO              ;LINHA NIGRO VITALITA;ANTIADERENTE        ;48,87;33;42,9;5,70846989
85463;TAMPA VITALITA 22 ANTIADERENTE PRETO              ;LINHA NIGRO VITALITA;ANTIADERENTE        ;53,45;36,1;46,93;6,25931536
85529;TAMPA DE VIDRO ETERNA 14CM COM SAIDA PARA VAPOR   ;NIGRO VISTA         ;TRANSPARENTE        ;36,08;24,4;31,72;5,48818604
85530;TAMPA DE VIDRO ETERNA 16CM COM SAIDA PARA VAPOR   ;NIGRO VISTA         ;TRANSPARENTE        ;37,39;25,3;32,89;5,64140723
85531;TAMPA DE VIDRO ETERNA 18CM COM SAIDA PARA VAPOR   ;NIGRO VISTA         ;TRANSPARENTE        ;39,53;26,7;34,71;6,07140723
85532;TAMPA DE VIDRO ETERNA 20CM COM SAIDA PARA VAPOR   ;NIGRO VISTA         ;TRANSPARENTE        ;41,85;28,3;36,79;6,46140723
85533;TAMPA DE VIDRO ETERNA 22CM COM SAIDA PARA VAPOR   ;NIGRO VISTA         ;TRANSPARENTE        ;45,62;30,8;40,04;7,40015271
85534;TAMPA DE VIDRO ETERNA 24CM COM SAIDA PARA VAPOR   ;NIGRO VISTA         ;TRANSPARENTE        ;48,63;32,9;42,77;8,06681938
85535;TAMPA DE VIDRO ETERNA 26CM COM SAIDA PARA VAPOR   ;NIGRO VISTA         ;TRANSPARENTE        ;60,37;40,8;53,04;9,39848604
85536;TAMPA DE VIDRO ETERNA 28CM COM SAIDA PARA VAPOR   ;NIGRO VISTA         ;TRANSPARENTE        ;70,56;47,7;62,01;11,25408604
85537;TAMPA DE VIDRO ETERNA 30CM COM SAIDA PARA VAPOR   ;NIGRO VISTA         ;TRANSPARENTE        ;75,65;51,1;66,43;11,87681938
85538;TAMPA DE VIDRO ETERNA 32CM COM SAIDA PARA VAPOR   ;NIGRO VISTA         ;TRANSPARENTE        ;81,47;55,1;71,63;14,02681938
85550;TAMPA VITALITA 16 POLIDA                          ;LINHA NIGRO VITALITA;POLIDO              ;17,85;12,1;15,73;3,3033204
85551;TAMPA VITALITA 18 POLIDA                          ;LINHA NIGRO VITALITA;POLIDO              ;18,99;12,8;16,64;3,56376748
85552;TAMPA VITALITA 20 POLIDA                          ;LINHA NIGRO VITALITA;POLIDO              ;20,84;14,1;18,33;3,83699825
85629;TAMPA DE VIDRO CRIATIVA 14CM                      ;NIGRO VISTA         ;TRANSPARENTE        ;34,08;23;29,9;5,39988604
85630;TAMPA DE VIDRO CRIATIVA 16CM                      ;NIGRO VISTA         ;TRANSPARENTE        ;35,25;23,8;30,94;5,55310723
85631;TAMPA DE VIDRO CRIATIVA 18CM                      ;NIGRO VISTA         ;TRANSPARENTE        ;37,16;25,1;32,63;5,98310723
85632;TAMPA DE VIDRO CRIATIVA 20CM                      ;NIGRO VISTA         ;TRANSPARENTE        ;39,25;26,5;34,45;6,37310723
85633;TAMPA DE VIDRO CRIATIVA 22CM                      ;NIGRO VISTA         ;TRANSPARENTE        ;42,62;28,8;37,44;7,31185271
85634;TAMPA DE VIDRO CRIATIVA 24CM                      ;NIGRO VISTA         ;TRANSPARENTE        ;45,33;30,6;39,78;7,97851938
85635;TAMPA DE VIDRO CRIATIVA 26CM                      ;NIGRO VISTA         ;TRANSPARENTE        ;55,53;37,5;48,75;9,31018604
85636;TAMPA DE VIDRO CRIATIVA 28CM                      ;NIGRO VISTA         ;TRANSPARENTE        ;64,66;43,7;56,81;11,16578604
85637;TAMPA DE VIDRO CRIATIVA 30CM                      ;NIGRO VISTA         ;TRANSPARENTE        ;69,22;46,8;60,84;11,78851938
85638;TAMPA DE VIDRO CRIATIVA 32CM                      ;NIGRO VISTA         ;TRANSPARENTE        ;74,43;50,3;65,39;13,93851938
85688;TAMPA ETERNA 14 ANTIADERENTE                      ;NIGRO ETERNA        ;ANTIADERENTE        ;53,08;35,9;46,67;5,08236151
85689;TAMPA ETERNA 14 POLIDA                            ;NIGRO ETERNA        ;POLIDO              ;27,19;18,4;23,92;4,14035512
85690;TAMPA ETERNA NR. 16 POLIDA                        ;NIGRO ETERNA        ;POLIDO              ;28,14;19;24,7;4,61549928
85691;TAMPA ETERNA NR. 18 POLIDA                        ;NIGRO ETERNA        ;POLIDO              ;30,59;20,7;26,91;5,00817965
85692;TAMPA ETERNA NR. 20 POLIDA                        ;NIGRO ETERNA        ;POLIDO              ;33,01;22,3;28,99;5,36970631
85693;TAMPA ETERNA NR. 22 POLIDA                        ;NIGRO ETERNA        ;POLIDO              ;35,67;24,1;31,33;5,78356863
85694;TAMPA ETERNA NR. 24 POLIDA                        ;NIGRO ETERNA        ;POLIDO              ;38,86;26,3;34,19;6,28690103
85695;TAMPA ETERNA NR. 16 C-ANTIADERENTE                ;NIGRO ETERNA        ;ANTIADERENTE        ;35,18;23,8;30,94;5,76101687
85696;TAMPA ETERNA NR. 18 C-ANTIADERENTE                ;NIGRO ETERNA        ;ANTIADERENTE        ;37,8;25,5;33,15;6,34505977
85697;TAMPA ETERNA NR. 20 C-ANTIADERENTE                ;NIGRO ETERNA        ;ANTIADERENTE        ;40,97;27,7;36,01;6,86818069
85698;TAMPA ETERNA NR. 22 C-ANTIADERENTE                ;NIGRO ETERNA        ;ANTIADERENTE        ;44,91;30,4;39,52;7,49365414
85699;TAMPA ETERNA NR. 24 C-ANTIADERENTE                ;NIGRO ETERNA        ;ANTIADERENTE        ;48,96;33,1;43,03;8,17242315
85709;TAMPA VIDRO CRIATIVA 14 VANILLA                   ;NIGRO VISTA         ;TRANSPARENTE        ;0;0;0;0
85710;TAMPA VIDRO CRIATIVA 16 VANILLA                   ;NIGRO VISTA         ;TRANSPARENTE        ;0;0;0;0
85711;TAMPA VIDRO CRIATIVA 18 VANILLA                   ;NIGRO VISTA         ;TRANSPARENTE        ;0;0;0;0
85712;TAMPA VIDRO CRIATIVA 20 VANILLA                   ;NIGRO VISTA         ;TRANSPARENTE        ;0;0;0;0
85713;TAMPA VIDRO CRIATIVA 22 VANILLA                   ;NIGRO VISTA         ;TRANSPARENTE        ;0;0;0;0
85714;TAMPA VIDRO CRIATIVA 24 VANILLA                   ;NIGRO VISTA         ;TRANSPARENTE        ;0;0;0;0
95109;ABRIDOR DE GARRAFAS JAMES F 7046-000              ;ACESSORIOS DIVERSOS ;ACESSORIOS          ;18,56;6,32;8,21;3,24
97001;PANELA DE PRESSAO PRESS 3L POLIDA                 ;PAN PRESSAO PRESS   ;POLIDO              ;267,79;181;235,3;42,80895673
97002;PANELA DE PRESSAO PRESS 4,5L POLIDA               ;PAN PRESSAO PRESS   ;POLIDO              ;284,75;192,5;250,25;49,81324477
97003;PANELA DE PRESSAO PRESS 6L POLIDA                 ;PAN PRESSAO PRESS   ;POLIDO              ;300,32;203;263,9;49,74881294
97005;PANELA DE PRESSAO PRESS 3.0L POLIDA CORPO         ;PAN PRESSAO PRESS   ;POLIDO              ;0;0;0;0
97006;PANELA DE PRESSAO PRESS 4.5L POLIDA CORPO         ;PAN PRESSAO PRESS   ;POLIDO              ;0;0;0;0
97007;PANELA DE PRESSAO PRESS 6.0L POLIDA CORPO         ;PAN PRESSAO PRESS   ;POLIDO              ;0;0;0;0
97012;PANELA DE PRESSAO PRESS 4,5L POLIESTER PRETO      ;PAN PRESSAO PRESS   ;POLIESTER FORA      ;309,82;150;195;54,51572183
97019;PANELA DE PRESSAO PRESS 4,5L POLIESTER VERMELHA   ;PAN PRESSAO PRESS   ;POLIESTER FORA      ;309,82;160;208;54,40916044
97022;PANELA DE PRESSAO PRESS 4,5L ANTIADERENTE PRETO   ;PAN PRESSAO PRESS   ;ANTIADERENTE        ;400,79;270,9;352,17;59,17254896
97064;PANELA PRESSAO ETERNA PROFISSIONAL 8L POLIDA      ;PAN PRESSAO PROFISS ;POLIDO              ;729,13;492,9;640,77;119,9767706
97065;PANELA PRESSAO ETERNA PROFISSIONAL 10L POLIDA     ;PAN PRESSAO PROFISS ;POLIDO              ;748,25;505,8;657,54;123,456724
97080;PANELA PRESSAO PRESS 3L ANTIAD.TERRACOTA          ;PAN PRESSAO PRESS   ;ANTIADERENTE        ;325,67;220,1;286,13;53,30415681
97081;PANELA PRESSAO PRESS 4.5L ANTIAD.TERRACOTA        ;PAN PRESSAO PRESS   ;ANTIADERENTE        ;369,86;250;325;61,58140099
97101;PANELA DE PRESSAO ETERNA 3L POLIDA                ;PAN PRESSAO ETERNA  ;POLIDO              ;381,19;257,7;335,01;60,07156195
97102;PANELA DE PRESSAO ETERNA 4,5L POLIDA              ;PAN PRESSAO ETERNA  ;POLIDO              ;404,79;273,6;355,68;71,93007033
97103;PANELA DE PRESSAO ETERNA 6L POLIDA                ;PAN PRESSAO ETERNA  ;POLIDO              ;429,98;290,7;377,91;77,02021262
97108;PANELA DE PRESSAO ETERNA 8L POLIDA                ;PAN PRESSAO ETERNA  ;POLIDO              ;468,54;316,7;411,71;76,65281178
97110;PANELA PRESSAO ETERNA 3L ANTIADIARENTE PRETO-PRETO;PAN PRESSAO ETERNA  ;ANTIADERENTE        ;439,67;297,2;386,36;71,45990684
97111;PANELA PRESSAO ETERNA 4,5L ANTIAD. PRETO-PRETO    ;PAN PRESSAO ETERNA  ;ANTIADERENTE        ;476,22;321,9;418,47;78,28580177
97112;PANELA PRESSAO ETERNA 6L C-ANTIAD. PRETO-PRETO    ;PAN PRESSAO ETERNA  ;ANTIADERENTE        ;519,72;351,3;456,69;86,08535566
97113;KIT PANELA PRESSAO ETERNA 6L POLIDA C- LEGUMEIRA  ;PAN PRESSAO ETERNA  ;POLIDO              ;461,92;312,2;405,86;82,83585671
97142;PANELA PRESSAO ETERNA 4,5 LTS. POL.C-CX. C-ALCA   ;PAN PRESSAO ETERNA  ;POLIDO              ;398,94;269,7;350,61;0
97150;KIT DE ESTRUTURA DE PANELA (SEM PRESSAO) VH       ;ACESSORIO LINHA PP  ;ACESSORIOS          ;396,61;268,1;348,53;55,30044767
97166;PANELA PRESSAO ETERNA PROFISSIONAL 12L POLIDA     ;PAN PRESSAO PROFISS ;POLIDO              ;780,17;527,4;685,62;130,0719612
97167;PANELA PRESSAO ETERNA PROFISSIONAL 15L POLIDA     ;PAN PRESSAO PROFISS ;POLIDO              ;818,33;553,2;719,16;136,9961318
97168;PANELA PRESSAO ETERNA PROFISSIONAL 20L POLIDA     ;PAN PRESSAO PROFISS ;POLIDO              ;860,04;581,4;755,82;144,5882581
97172;PANELA DE PRESSAO ETERNA COLORS 4,5L PRETA        ;PAN PRESSAO ETERNA  ;POLIESTER FORA      ;426,39;288,2;374,66;77,58068501
97179;PANELA DE PRESSAO ETERNA COLORS 4,5L VERMELHA     ;PAN PRESSAO ETERNA  ;POLIESTER FORA      ;426,39;288,2;374,66;77,47412362
97189;PANELA PRESSAO ETERNA PROFISSIONAL 25L POLIDA     ;PAN PRESSAO PROFISS ;POLIDO              ;911,78;616,4;801,32;152,9315353
97193;PANELA PRESSAO NIGRO EXPRESSA 3L POLIDA           ;PAN PRESSAO EXPRESSA;POLIDO              ;214,16;98;127,4;34,15826934
97194;PANELA PRESSAO NIGRO EXPRESSA 4,5L POLIDA         ;PAN PRESSAO EXPRESSA;POLIDO              ;232,27;110;143;39,21625596
97198;PANELA PRESSAO NIGRO EXPRESSA 7L POLIDA           ;PAN PRESSAO EXPRESSA;POLIDO              ;270,52;130;169;46,48914175
97230;KIT PANELA DE PRESSAO BIOTRON 6,0 LITROS POLIDO   ;PAN PRESSAO ETERNA  ;POLIDO              ;416,81;281,8;366,34;53,20223912
97260;PANELA PRESSAO ETERNA 3.0L ANTIAD. TERRACOTA      ;PAN PRESSAO ETERNA  ;ANTIADERENTE        ;439,67;297,2;386,36;71,28562037
97261;PANELA PRESSAO ETERNA 4.5L ANTIAD. TERRACOTA      ;PAN PRESSAO ETERNA  ;ANTIADERENTE        ;476,22;321,9;418,47;78,22590904
97262;PANELA PRESSAO ETERNA 6.0L ANTIAD. TERRACOTA      ;PAN PRESSAO ETERNA  ;ANTIADERENTE        ;519,72;351,3;456,69;86,65469064
97276;PANELA DE PRESSAO ETERNA 6,0 LITROS C-CXA AZUL    ;PAN PRESSAO ETERNA  ;POLIESTER FORA      ;486,29;328,7;427,31;79,86381189
97279;PANELA DE PRESSAO ETERNA COLORS 6L VERMELHA       ;PAN PRESSAO ETERNA  ;POLIESTER FORA      ;465,02;314,4;408,72;83,8805907
97300;KIT PECAS P- PANELA DE PRESSAO NIGRO ETERNA       ;ACESSORIO LINHA PP  ;ACESSORIOS          ;93,85;63,4;82,42;13,43810402
97301;KIT PECAS P- PANELA DE PRESSAO NIGRO EXPRESSA     ;ACESSORIO LINHA PP  ;ACESSORIOS          ;45,88;31;40,3;6,17128102
97304;ALCA COMPLETA PARA A PANELA DE PRESSAO ETERNA     ;ACESSORIO LINHA PP  ;ACESSORIOS          ;17,05;11,5;14,95;3,01542814
97309;CABO INFERIOR COMPLETO P- PANELA DE PRESSAO ETERNA;ACESSORIO LINHA PP  ;ACESSORIOS          ;25,78;17,4;22,62;4,31026269
97312;ANEL SILICONE P- PANELA DE PRESSAO NIGRO ETERNA   ;ACESSORIO LINHA PP  ;ACESSORIOS          ;49,66;33,6;43,68;7,70448468
97314;CABO SUPERIOR COMPLETO P- PANELA DE PRESSAO ETERNA;ACESSORIO LINHA PP  ;ACESSORIOS          ;31,34;21,2;27,56;5,30246702
97326;VALVULA DE SEGURANCA-ESFERA-MOLA                  ;ACESSORIO LINHA PP  ;ACESSORIOS          ;14,31;9,7;12,61;2,30048985
97330;TAMPA COMPLETA DA PANELA DE PRESSAO NIGRO ETERNA  ;ACESSORIO LINHA PP  ;ACESSORIOS          ;218,55;147,7;192,01;33,71823548
97332;TAMPA COMPLETA P.PRESSAO ETERNA PROFISSIONAL      ;ACESSORIO LINHA PP  ;ACESSORIOS          ;419,39;283,5;368,55;66,19545539
97343;LIMPADOR UNIVERSAL P- PINO CENTRAL DAS P.PRESSAO  ;ACESSORIO LINHA PP  ;ACESSORIOS          ;2,67;1,8;2,34;0,3375
97346;VALVULA SEGURANCA REPETIT.-SILIC. C-CARTELA       ;ACESSORIO LINHA PP  ;ACESSORIOS          ;9,14;6,2;8,06;1,30501135
97347;APOIO DE SILICONE PARA PANELA DE PRESSAO ETERNA   ;ACESSORIO LINHA PP  ;ACESSORIOS          ;16,16;10,9;14,17;2,63057833
97365;TAMPA COMPLETA PANELA DE PRESSAO NIGRO PRESS      ;ACESSORIO LINHA PP  ;ACESSORIOS          ;133,21;90;117;21,26264329
97366;KIT PANELA PRESSAO ETERNA POLIDA 3 E 6 LT C/LEGUM ;PAN PRESSAO ETERNA  ;POLIDO              ;605,75;409,5;532,35;106,6875981
97368;KIT PANELA PRESSAO ETERNA POLIDA 4.5 E 8 LT C/LEGU;PAN PRESSAO ETERNA  ;POLIDO              ;683,96;462,3;600,99;116,4972556
97380;KIT PECAS P- PANELA DE PRESSAO NIGRO PRESS        ;ACESSORIO LINHA PP  ;ACESSORIOS          ;57,01;38,5;50,05;7,73456102
97381;KIT PECAS P- P.PRESSAO NIGRO ETERNA PROFISSIONAL  ;ACESSORIO LINHA PP  ;ACESSORIOS          ;118,17;79,9;103,87;18,54325363
97385;SUPORTE PARA CABO PANELA PRESSAO ETERNA 30 PC     ;ACESSORIO LINHA PP  ;ACESSORIOS          ;162,98;110,2;143,26;25,83792969
97386;KIT PANELA PRESSAO PRESS POLIDA 3.0 E 6.0 LITROS  ;PAN PRESSAO PRESS   ;POLIDO              ;0;0;0;0
97387;KIT PANELA PRESSAO PRESS POLIDA 4.5 E 6.0 LITROS  ;PAN PRESSAO PRESS   ;POLIDO              ;0;0;0;0
97388;KIT PANELA PRESSAO PRESS POLIDA 3.0 E 4.5 LITROS  ;PAN PRESSAO PRESS   ;POLIDO              ;0;0;0;0
97389;KIT PANELA PRESSAO PRESS POLIDA 3.0 4.5 E 6.0 LT  ;PAN PRESSAO PRESS   ;POLIDO              ;0;0;0;0
97392;ANEL SILICONE P- PANELA DE PRESSAO NIGRO EXPRESSA ;ACESSORIO LINHA PP  ;ACESSORIOS          ;16,9;11,4;14,82;2,70187566
97393;CABO INFERIOR COMPLETO P- P.PRESSAO NIGRO EXPRESSA;ACESSORIO LINHA PP  ;ACESSORIOS          ;18,46;12,5;16,25;3,09927929
97394;CABO SUPERIOR COMPLETO P- P.PRESSAO NIGRO EXPRESSA;ACESSORIO LINHA PP  ;ACESSORIOS          ;14,1;9,5;12,35;2,99187302
97395;ALCA COMPLETA PRESS                               ;ACESSORIO LINHA PP  ;ACESSORIOS          ;14,46;9,8;12,74;2,48052814
97399;TAMPA COMPLETA PANELA DE PRESSAO EXPRESSA         ;ACESSORIO LINHA PP  ;ACESSORIOS          ;96,1;65;84,5;16,04906048
97410;ANEL SILICONE P-PANELA PRESSAO ETERNA PROFISSIONAL;ACESSORIO LINHA PP  ;ACESSORIOS          ;98,02;66,3;86,19;14,80225066
97412;ALCA INFERIOR(CORPO) P.PRESSAO ETERNA PROFISSIONAL;ACESSORIO LINHA PP  ;ACESSORIOS          ;30,57;20,7;26,91;6,22207929
97413;ALCA SUPERIOR P- P.PRESSAO ETERNA PROFISSIONAL    ;ACESSORIO LINHA PP  ;ACESSORIOS          ;39,07;26,4;34,32;7,54273719
97432;CABO INFERIOR COMPLETO P- P.PRESSAO NIGRO PRESS   ;ACESSORIO LINHA PP  ;ACESSORIOS          ;16,97;11,5;14,95;2,90927929
97433;CABO SUPERIOR COMPLETO P.PRESSAO NIGRO PRESS      ;ACESSORIO LINHA PP  ;ACESSORIOS          ;17,6;11,9;15,47;3,45108469
97434;ANEL SILICONE  P- PANELA DE PRESSAO NIGRO PRESS   ;ACESSORIO LINHA PP  ;ACESSORIOS          ;28,05;19;24,7;4,09674233
97440;KIT PESO E PINO CENTRAL P.PRESSAO PROFISSIONAL    ;ACESSORIO LINHA PP  ;ACESSORIOS          ;26,11;17,6;22,88;3,71845139
97441;KIT PESO E PINO CENTRAL PANELA DE PRESSAO ETERNA  ;ACESSORIO LINHA PP  ;ACESSORIOS          ;26,63;18;23,4;4,43353239
97442;KIT PESO E PINO CENTRAL P- P.PRESSAO NIGRO PRESS  ;ACESSORIO LINHA PP  ;ACESSORIOS          ;22,25;15;19,5;3,68050239
97443;KIT PESO E PINO CENTRAL P-P.PRESSAO EXPRESSA      ;ACESSORIO LINHA PP  ;ACESSORIOS          ;21,84;14,8;19,24;3,60237239
97445;KIT REPOSICAO COMPLETO P.PRESSAO ETERNA PROFISSION;ACESSORIO LINHA PP  ;ACESSORIOS          ;25,05;16,9;21,97;4,32501139
97446;KIT REPOSICAO COMPLETO PANELA DE PRESSAO ETERNA   ;ACESSORIO LINHA PP  ;ACESSORIOS          ;38,42;26;33,8;6,62860539
97447;KIT REPOSICAO COMPLETO P- P.PRESSAO NIGRO PRESS   ;ACESSORIO LINHA PP  ;ACESSORIOS          ;24,83;16,8;21,84;4,28706239
97448;KIT REPOSICAO COMPLETO P.PRESSAO NIGRO EXPRESSA   ;ACESSORIO LINHA PP  ;ACESSORIOS          ;24,39;16,5;21,45;4,20893239
97460;KIT PANELA PRESSAO ETERNA POL 3 E 4.5 LT C/TPA VID;PAN PRESSAO ETERNA  ;POLIDO              ;0;0;0;0
97461;KIT PANELA PRESSAO ETERNA POL 3 E 6.0 LT C/TPA VID;PAN PRESSAO ETERNA  ;POLIDO              ;0;0;0;0
97462;KIT PANELA PRESSAO ETERNA POL 3 E 8.0 LT C/TPA VID;PAN PRESSAO ETERNA  ;POLIDO              ;0;0;0;0
97463;KIT PANELA PRESSAO ETERNA POL 4.5 E 6 LT C/TPA VID;PAN PRESSAO ETERNA  ;POLIDO              ;0;0;0;0
97464;KIT PANELA PRESSAO ETERNA POL 4.5 E 8 LT C/TPA VID;PAN PRESSAO ETERNA  ;POLIDO              ;0;0;0;0
97465;KIT PANELA PRESSAO ETERNA POL 6 E 8.0 LT C/TPA VID;PAN PRESSAO ETERNA  ;POLIDO              ;0;0;0;0
97466;KIT PP ETERNA POL 3.0 - 4.5 - 6.0 LT C/TPA VIDRO  ;PAN PRESSAO ETERNA  ;POLIDO              ;0;0;0;0
97467;KIT PP ETERNA POL 3.0 - 4.5 - 8.0 LT C/TPA VIDRO  ;PAN PRESSAO ETERNA  ;POLIDO              ;0;0;0;0
97468;KIT PP ETERNA POL 3.0 - 6.0 - 8.0 LT C/TPA VIDRO  ;PAN PRESSAO ETERNA  ;POLIDO              ;0;0;0;0
97469;KIT PP ETERNA POL 4.5 - 6.0 - 8.0 LT C/TPA VIDRO  ;PAN PRESSAO ETERNA  ;POLIDO              ;0;0;0;0
97500;AST ALCA COMPLETA ETERNA                          ;ACESSORIO LINHA PP  ;ACESSORIOS          ;16,76;11,3;14,69;2,74114345
97501;AST CABO INFERIOR PANELA DE PRESSAO ETERNA        ;ACESSORIO LINHA PP  ;ACESSORIOS          ;24,5;16,6;21,58;4,035978
97502;AST ANEL DE SILICONE PANELA PRESSAO ETERNA        ;ACESSORIO LINHA PP  ;ACESSORIOS          ;47,2;31,9;41,47;7,10485
97503;AST CABO SUPERIOR PANELA DE PRESSAO ETERNA        ;ACESSORIO LINHA PP  ;ACESSORIOS          ;27,94;18,9;24,57;4,587649
97504;AST VALVULA DE SEGURANCA-ESFERA-MOLA              ;ACESSORIO LINHA PP  ;ACESSORIOS          ;11,88;8;10,4;1,898513
97505;AST VALVULA DE SEGURANCA REPETITIVA-SILICONE      ;ACESSORIO LINHA PP  ;ACESSORIOS          ;5,86;4;5,2;0,91656
97506;AST VALVULA ESCAPE DE PRESSAO (PINO CENTRAL)      ;ACESSORIO LINHA PP  ;ACESSORIOS          ;9,27;6,3;8,19;1,488655
97507;AST VALVULA REGULADORA DE PRESSAO (PESO) ETERNA   ;ACESSORIO LINHA PP  ;ACESSORIOS          ;16,3;11;14,3;2,598108
97508;AST LIMPADOR PARA PINO CENTRAL PANELA DE PRESSAO  ;ACESSORIO LINHA PP  ;ACESSORIOS          ;4,06;2,7;3,51;0,6475
97509;AST APOIO DE SILICONE PANELA DE PRESSAO ETERNA    ;ACESSORIO LINHA PP  ;ACESSORIOS          ;14,73;9,9;12,87;2,24515
97510;AST VALVULA REGULADORA DE PRESSAO (PESO) EXPRESSA ;ACESSORIO LINHA PP  ;ACESSORIOS          ;11,04;7,5;9,75;1,766948
97511;AST ANEL DE SILICONE PANELA PRESSAO EXPRESSA      ;ACESSORIO LINHA PP  ;ACESSORIOS          ;15,41;10,4;13,52;2,347
97512;AST CABO INFERIOR COMPLETO PANELA PRESSAO EXPRESSA;ACESSORIO LINHA PP  ;ACESSORIOS          ;17,39;11,8;15,34;2,8249946
97513;AST CABO SUPERIOR COMPLETO PANELA PRESSAO EXPRESSA;ACESSORIO LINHA PP  ;ACESSORIOS          ;15,45;10,4;13,52;2,447055
97514;AST ALCA COMPLETA PANELA PRESSAO EXPRESSA         ;ACESSORIO LINHA PP  ;ACESSORIOS          ;12,94;8,7;11,31;2,20624345
97515;AST ANEL DE SILICONE P.PRESSAO PROFISSIONAL       ;ACESSORIO LINHA PP  ;ACESSORIOS          ;92,35;62,4;81,12;13,863325
97516;AST VALVULA REG.DE PRESSAO (PESO) ET.PROFISSIONAL ;ACESSORIO LINHA PP  ;ACESSORIOS          ;11,77;8;10,4;1,883027
97517;AST ALCA COMPLETA CORPO P.PRESSAO ET.PROFISSIONAL ;ACESSORIO LINHA PP  ;ACESSORIOS          ;33,5;22,6;29,38;5,9172946
97518;AST ALCA COMPLETA TAMPA P.PRESSAO ET.PROFISSIONAL ;ACESSORIO LINHA PP  ;ACESSORIOS          ;43,67;29,5;38,35;7,2684525
97519;AST VALVULA REGULADORA DE PRESSAO (PESO) PRESS    ;ACESSORIO LINHA PP  ;ACESSORIOS          ;12,31;8,3;10,79;1,968599
97520;AST VALVULA ESCAPE DE PRESSAO (PINO CENTRAL) PRESS;ACESSORIO LINHA PP  ;ACESSORIOS          ;8,5;5,7;7,41;1,365134
97521;AST CABO INFERIOR PANELA DE PRESSAO PRESS         ;ACESSORIO LINHA PP  ;ACESSORIOS          ;16,27;11;14,3;2,6349946
97522;AST CABO SUPERIOR PANELA DE PRESSAO PRESS         ;ACESSORIO LINHA PP  ;ACESSORIOS          ;18,88;12,8;16,64;3,1046
97523;AST ANEL DE SILICONE PANELA PRESSAO PRESS         ;ACESSORIO LINHA PP  ;ACESSORIOS          ;25,03;16,9;21,97;3,78745
97601;PANELA DE PRESSAO ETERNA 3L POLIDA SEM CAIXA      ;PAN PRESSAO ETERNA  ;POLIDO              ;0;0;0;56,89046195
97603;PANELA DE PRESSAO ETERNA 6L POLIDA SEM CAIXA      ;PAN PRESSAO ETERNA  ;POLIDO              ;0;0;0;73,03676262
97608;PANELA DE PRESSAO ETERNA 8L POLIDA SEM CAIXA      ;PAN PRESSAO ETERNA  ;POLIDO              ;0;0;0;71,03986178
97611;PANELA DE PRESSAO ETERNA 3L ANTIAD SEM CAIXA      ;PAN PRESSAO ETERNA  ;ANTIADERENTE        ;0;0;0;68,08965684
97651;CORPO PANELA DE PRESSAO ETERNA 3L POLIDA          ;PAN PRESSAO ETERNA  ;POLIDO              ;0;0;0;25,19129137
97652;CORPO PANELA DE PRESSAO ETERNA 4.5L POLIDA        ;PAN PRESSAO ETERNA  ;POLIDO              ;0;0;0;36,63784975
97653;CORPO PANELA DE PRESSAO ETERNA 6L POLIDA          ;PAN PRESSAO ETERNA  ;POLIDO              ;0;0;0;41,33759204
97654;CORPO PANELA DE PRESSAO ETERNA 8L POLIDA          ;PAN PRESSAO ETERNA  ;POLIDO              ;0;0;0;39,3406912
97663;CORPO PANELA DE PRESSAO ETERNA 6L ANTIAD          ;PAN PRESSAO ETERNA  ;ANTIADERENTE        ;0;0;0;50,21358508
98013;CABO COMPLETO P-PANELA ETERNA-WOK (590 -2)        ;ACESSORIO LIN GERAL ;ACESSORIOS          ;20,01;13,5;17,55;3,68188969
98015;CABO COMPLETO P-PANELA ETERNA                     ;ACESSORIO LIN GERAL ;ACESSORIOS          ;20,27;13,7;17,81;3,61788969
98017;CABO COMPLETO P- PANELA PAPEIRO                   ;ACESSORIO LIN GERAL ;ACESSORIOS          ;10,86;7,3;9,49;1,91168969
98018;CABO COMPLETO P- PANELA VITALITA                  ;ACESSORIO LIN GERAL ;ACESSORIOS          ;10,13;6,8;8,84;1,91168969
98021;CABO PARA OMELETEIRA VITALITA FRANCESA            ;ACESSORIO LIN GERAL ;ACESSORIOS          ;10,13;6,8;8,84;1,91168969
98022;CABO PARA PANELA CRIATIVA MODELO MO610-1          ;ACESSORIO LIN GERAL ;ACESSORIOS          ;14,81;10;13;2,57025769
98023;CABO PARA OMELETEIRA DUPLA - PANQUEQUEIRA         ;ACESSORIO LIN GERAL ;ACESSORIOS          ;10,13;6,8;8,84;1,91168969
98024;CABO COMPLETO P-CANECA E FERVEDOR NOVO            ;ACESSORIO LIN GERAL ;ACESSORIOS          ;12,16;8,2;10,66;2,14265769
98027;CABO COMPLETO BAQUELITE P-FRIG PROFISSIONAL-GOURM ;ACESSORIO LIN GERAL ;ACESSORIOS          ;36,58;24,7;32,11;4,87578969
98028;CABO PARA PANELA CRIATIVA MODELO MO610-2          ;ACESSORIO LIN GERAL ;ACESSORIOS          ;13,38;9;11,7;2,244705
98105;ALCA COMPLETA FUNDIDA PEQUENA                     ;ACESSORIO LIN GERAL ;ACESSORIOS          ;18,23;12,3;15,99;2,79088969
98106;ALCA COMPLETA FUNDIDA GRANDE                      ;ACESSORIO LIN GERAL ;ACESSORIOS          ;24,99;16,9;21,97;4,72818969
98113;ALCA COMPLETA CRIATIVA NOVA                       ;ACESSORIO LIN GERAL ;ACESSORIOS          ;12,63;8,5;11,05;2,30315769
98116;ALCA COMPLETA PARA CACAROLA VITALITA-HOMECOOK     ;ACESSORIO LIN GERAL ;ACESSORIOS          ;11,03;7,4;9,62;1,92138969
98204;BOTAO COMPLETO P-TAMPA REFORCADA - FERVEDOR / HOME;ACESSORIO LIN GERAL ;ACESSORIOS          ;6,43;4,3;5,59;1,09828969
98205;BOTAO COMPLETO P-TPA. REFORCADA PEQUENO           ;ACESSORIO LIN GERAL ;ACESSORIOS          ;4,19;2,8;3,64;0,80660019
98209;BOTAO COMPLETO P-CACAROLA ETERNA - VAPOR          ;ACESSORIO LIN GERAL ;ACESSORIOS          ;11,09;7,5;9,75;1,99528969
98212;BOTAO COMPLETO P- TAMPA CRIATIVA NOVA             ;ACESSORIO LIN GERAL ;ACESSORIOS          ;10,58;7,2;9,36;1,89988969
98214;BOTAO COMPLETO P- TAMPA DE VIDRO                  ;ACESSORIO LIN GERAL ;ACESSORIOS          ;9,97;6,7;8,71;2,02891469
98215;BOTAO COMPLETO P- TAMPA VITALITA                  ;ACESSORIO LIN GERAL ;ACESSORIOS          ;5,84;3,9;5,07;1,05428969
98278;PROTETOR DE ALIMENTOS MIMO 7251                   ;ACESSORIOS DIVERSOS ;ACESSORIOS          ;0;0;0;25,99
98279;TESOURA PARA COZINHA MIMO 4527                    ;ACESSORIOS DIVERSOS ;ACESSORIOS          ;0;0;0;25,99
98280;LUVA SILICONE 5 DEDOS MIMO 6871                   ;ACESSORIOS DIVERSOS ;ACESSORIOS          ;0;0;0;25,99
98282;PRATO INFANTIL MIMO 8615                          ;ACESSORIOS DIVERSOS ;ACESSORIOS          ;0;0;0;25,99
98283;PEGADOR INOX P/CHURRASCO MIMO 10003               ;ACESSORIOS DIVERSOS ;ACESSORIOS          ;0;0;0;25,99
98284;DESCASCADOR DUPLA FUNCAO MIMO 6053                ;ACESSORIOS DIVERSOS ;ACESSORIOS          ;0;0;0;25,99
98437;CONCHA DE SILICONE MIMO SN1736                    ;ACESSORIOS DIVERSOS ;ACESSORIOS          ;65,5;44,3;57,59;0
98492;GARFO PARA COZINHA MIMO                           ;ACESSORIOS DIVERSOS ;ACESSORIOS          ;41,02;27,7;36,01;0
